Date,Year_,Month_,Day_,Mean_temp,Total_Precip,Season,Rain,Snow
2014-01-09,"2,014",1,9,-11.0,0.0,Winter,No,No
2014-01-10,"2,014",1,10,-3.0,3.0,Winter,Yes,Yes
2014-01-11,"2,014",1,11,4.0,8.0,Winter,Yes,No
2014-01-12,"2,014",1,12,1.0,0.0,Winter,No,No
2014-01-13,"2,014",1,13,4.0,1.0,Winter,Yes,No
2014-01-14,"2,014",1,14,2.0,0.0,Winter,No,No
2014-01-15,"2,014",1,15,-3.0,0.0,Winter,No,No
2014-01-16,"2,014",1,16,-3.0,2.0,Winter,No,Yes
2014-01-17,"2,014",1,17,-1.0,2.0,Winter,No,Yes
2014-01-18,"2,014",1,18,-6.0,1.0,Winter,No,Yes
2014-01-19,"2,014",1,19,-6.0,1.0,Winter,No,Yes
2014-01-20,"2,014",1,20,-10.0,1.0,Winter,No,Yes
2014-01-21,"2,014",1,21,-19.0,0.0,Winter,No,No
2014-01-22,"2,014",1,22,-18.0,0.0,Winter,No,No
2014-01-23,"2,014",1,23,-17.0,0.0,Winter,No,No
2014-01-24,"2,014",1,24,-14.0,1.0,Winter,No,Yes
2014-01-25,"2,014",1,25,-10.0,4.0,Winter,No,Yes
2014-01-26,"2,014",1,26,-12.0,1.0,Winter,No,Yes
2014-01-27,"2,014",1,27,-11.0,2.0,Winter,No,Yes
2014-01-28,"2,014",1,28,-16.0,0.0,Winter,No,No
2014-01-29,"2,014",1,29,-14.0,0.0,Winter,No,No
2014-01-30,"2,014",1,30,-8.0,0.0,Winter,No,No
2014-01-31,"2,014",1,31,-2.0,0.0,Winter,No,No
2014-02-01,"2,014",2,1,-2.0,12.0,Winter,No,Yes
2014-02-02,"2,014",2,2,-4.0,0.0,Winter,No,No
2014-02-03,"2,014",2,3,-9.0,0.0,Winter,No,No
2014-02-04,"2,014",2,4,-10.0,1.0,Winter,No,Yes
2014-02-05,"2,014",2,5,-11.0,11.0,Winter,No,Yes
2014-02-06,"2,014",2,6,-12.0,0.0,Winter,No,No
2014-02-07,"2,014",2,7,-13.0,0.0,Winter,No,No
2014-02-08,"2,014",2,8,-14.0,0.0,Winter,No,No
2014-02-09,"2,014",2,9,-12.0,2.0,Winter,No,Yes
2014-02-10,"2,014",2,10,-10.0,0.0,Winter,No,No
2014-02-11,"2,014",2,11,-14.0,0.0,Winter,No,No
2014-02-12,"2,014",2,12,-14.0,0.0,Winter,No,No
2014-02-13,"2,014",2,13,-9.0,0.0,Winter,No,No
2014-02-14,"2,014",2,14,-4.0,0.0,Winter,No,No
2014-02-15,"2,014",2,15,-9.0,0.0,Winter,No,No
2014-02-16,"2,014",2,16,-12.0,0.0,Winter,No,No
2014-02-17,"2,014",2,17,-10.0,1.0,Winter,No,Yes
2014-02-18,"2,014",2,18,-3.0,4.0,Winter,No,Yes
2014-02-19,"2,014",2,19,0.0,0.0,Winter,No,No
2014-02-20,"2,014",2,20,0.0,15.0,Winter,Yes,Yes
2014-02-21,"2,014",2,21,2.0,6.0,Winter,Yes,No
2014-02-22,"2,014",2,22,0.0,0.0,Winter,No,No
2014-02-23,"2,014",2,23,-4.0,0.0,Winter,No,No
2014-02-24,"2,014",2,24,-8.0,0.0,Winter,No,No
2014-02-25,"2,014",2,25,-9.0,0.0,Winter,No,No
2014-02-26,"2,014",2,26,-13.0,0.0,Winter,No,No
2014-02-27,"2,014",2,27,-13.0,0.0,Winter,No,No
2014-02-28,"2,014",2,28,-14.0,0.0,Winter,No,No
2014-03-01,"2,014",3,1,-7.0,4.0,Spring,No,Yes
2014-03-02,"2,014",3,2,-14.0,2.0,Spring,No,Yes
2014-03-03,"2,014",3,3,-16.0,0.0,Spring,No,No
2014-03-04,"2,014",3,4,-13.0,1.0,Spring,No,Yes
2014-03-05,"2,014",3,5,-10.0,0.0,Spring,No,No
2014-03-06,"2,014",3,6,-8.0,2.0,Spring,No,Yes
2014-03-07,"2,014",3,7,-6.0,0.0,Spring,No,No
2014-03-08,"2,014",3,8,-3.0,0.0,Spring,No,No
2014-03-09,"2,014",3,9,-5.0,0.0,Spring,No,No
2014-03-10,"2,014",3,10,3.0,0.0,Spring,No,No
2014-03-11,"2,014",3,11,6.0,0.0,Spring,No,No
2014-03-12,"2,014",3,12,-6.0,8.0,Spring,No,Yes
2014-03-13,"2,014",3,13,-12.0,0.0,Spring,No,No
2014-03-14,"2,014",3,14,1.0,0.0,Spring,No,No
2014-03-15,"2,014",3,15,-2.0,0.0,Spring,No,No
2014-03-16,"2,014",3,16,-12.0,0.0,Spring,No,No
2014-03-17,"2,014",3,17,-10.0,0.0,Spring,No,No
2014-03-18,"2,014",3,18,-3.0,0.0,Spring,No,No
2014-03-19,"2,014",3,19,3.0,3.0,Spring,Yes,No
2014-03-20,"2,014",3,20,0.0,0.0,Spring,No,No
2014-03-21,"2,014",3,21,0.0,0.0,Spring,No,No
2014-03-22,"2,014",3,22,-2.0,1.0,Spring,No,Yes
2014-03-23,"2,014",3,23,-8.0,0.0,Spring,No,No
2014-03-24,"2,014",3,24,-8.0,0.0,Spring,No,No
2014-03-25,"2,014",3,25,-5.0,0.0,Spring,No,No
2014-03-26,"2,014",3,26,-8.0,0.0,Spring,No,No
2014-03-27,"2,014",3,27,-3.0,2.0,Spring,Yes,Yes
2014-03-28,"2,014",3,28,6.0,4.0,Spring,Yes,No
2014-03-29,"2,014",3,29,2.0,0.0,Spring,No,No
2014-03-30,"2,014",3,30,3.0,0.0,Spring,No,No
2014-03-31,"2,014",3,31,5.0,0.0,Spring,No,No
2014-04-01,"2,014",4,1,5.0,0.0,Spring,No,No
2014-04-02,"2,014",4,2,3.0,0.0,Spring,No,No
2014-04-03,"2,014",4,3,1.0,0.0,Spring,No,No
2014-04-04,"2,014",4,4,4.0,9.0,Spring,Yes,No
2014-04-05,"2,014",4,5,1.0,0.0,Spring,No,No
2014-04-06,"2,014",4,6,4.0,0.0,Spring,No,No
2014-04-07,"2,014",4,7,5.0,13.0,Spring,Yes,No
2014-04-08,"2,014",4,8,7.0,4.0,Spring,Yes,No
2014-04-09,"2,014",4,9,6.0,0.0,Spring,No,No
2014-04-10,"2,014",4,10,11.0,0.0,Spring,No,No
2014-04-11,"2,014",4,11,8.0,0.0,Spring,No,No
2014-04-12,"2,014",4,12,9.0,5.0,Spring,Yes,No
2014-04-13,"2,014",4,13,14.0,6.0,Spring,Yes,No
2014-04-14,"2,014",4,14,12.0,4.0,Spring,Yes,No
2014-04-15,"2,014",4,15,-2.0,8.0,Spring,Yes,Yes
2014-04-16,"2,014",4,16,-2.0,0.0,Spring,No,No
2014-04-17,"2,014",4,17,4.0,0.0,Spring,No,No
2014-04-18,"2,014",4,18,6.0,0.0,Spring,No,No
2014-04-19,"2,014",4,19,6.0,0.0,Spring,No,No
2014-04-20,"2,014",4,20,8.0,0.0,Spring,No,No
2014-04-21,"2,014",4,21,13.0,0.0,Spring,No,No
2014-04-22,"2,014",4,22,9.0,3.0,Spring,Yes,No
2014-04-23,"2,014",4,23,5.0,0.0,Spring,No,No
2014-04-24,"2,014",4,24,6.0,0.0,Spring,No,No
2014-04-25,"2,014",4,25,7.0,5.0,Spring,Yes,No
2014-04-26,"2,014",4,26,7.0,0.0,Spring,No,No
2014-04-27,"2,014",4,27,7.0,0.0,Spring,No,No
2014-04-28,"2,014",4,28,8.0,0.0,Spring,No,No
2014-04-29,"2,014",4,29,7.0,28.0,Spring,Yes,No
2014-04-30,"2,014",4,30,6.0,6.0,Spring,Yes,No
2014-05-01,"2,014",5,1,11.0,3.0,Spring,Yes,No
2014-05-02,"2,014",5,2,10.0,1.0,Spring,Yes,No
2014-05-03,"2,014",5,3,10.0,5.0,Spring,Yes,No
2014-05-04,"2,014",5,4,9.0,0.0,Spring,No,No
2014-05-05,"2,014",5,5,9.0,0.0,Spring,No,No
2014-05-06,"2,014",5,6,10.0,0.0,Spring,No,No
2014-05-07,"2,014",5,7,9.0,0.0,Spring,No,No
2014-05-08,"2,014",5,8,14.0,0.0,Spring,No,No
2014-05-09,"2,014",5,9,16.0,1.0,Spring,Yes,No
2014-05-10,"2,014",5,10,14.0,0.0,Spring,No,No
2014-05-11,"2,014",5,11,15.0,0.0,Spring,No,No
2014-05-12,"2,014",5,12,17.0,0.0,Spring,No,No
2014-05-13,"2,014",5,13,17.0,5.0,Spring,Yes,No
2014-05-14,"2,014",5,14,15.0,12.0,Spring,Yes,No
2014-05-15,"2,014",5,15,15.0,13.0,Spring,Yes,No
2014-05-16,"2,014",5,16,9.0,4.0,Spring,Yes,No
2014-05-17,"2,014",5,17,8.0,0.0,Spring,No,No
2014-05-18,"2,014",5,18,10.0,1.0,Spring,Yes,No
2014-05-19,"2,014",5,19,15.0,0.0,Spring,No,No
2014-05-20,"2,014",5,20,14.0,1.0,Spring,Yes,No
2014-05-21,"2,014",5,21,16.0,0.0,Spring,No,No
2014-05-22,"2,014",5,22,16.0,0.0,Spring,No,No
2014-05-23,"2,014",5,23,14.0,0.0,Spring,No,No
2014-05-24,"2,014",5,24,18.0,0.0,Spring,No,No
2014-05-25,"2,014",5,25,19.0,0.0,Spring,No,No
2014-05-26,"2,014",5,26,23.0,0.0,Spring,No,No
2014-05-27,"2,014",5,27,23.0,10.0,Spring,Yes,No
2014-05-28,"2,014",5,28,15.0,0.0,Spring,No,No
2014-05-29,"2,014",5,29,16.0,0.0,Spring,No,No
2014-05-30,"2,014",5,30,18.0,0.0,Spring,No,No
2014-05-31,"2,014",5,31,17.0,0.0,Spring,No,No
2014-06-01,"2,014",6,1,17.0,0.0,Summer,No,No
2014-06-02,"2,014",6,2,22.0,3.0,Summer,Yes,No
2014-06-03,"2,014",6,3,20.0,6.0,Summer,Yes,No
2014-06-04,"2,014",6,4,17.0,0.0,Summer,No,No
2014-06-05,"2,014",6,5,15.0,0.0,Summer,No,No
2014-06-06,"2,014",6,6,17.0,0.0,Summer,No,No
2014-06-07,"2,014",6,7,18.0,0.0,Summer,No,No
2014-06-08,"2,014",6,8,17.0,4.0,Summer,Yes,No
2014-06-09,"2,014",6,9,20.0,0.0,Summer,No,No
2014-06-10,"2,014",6,10,19.0,0.0,Summer,No,No
2014-06-11,"2,014",6,11,20.0,24.0,Summer,Yes,No
2014-06-12,"2,014",6,12,22.0,0.0,Summer,No,No
2014-06-13,"2,014",6,13,18.0,0.0,Summer,No,No
2014-06-14,"2,014",6,14,15.0,0.0,Summer,No,No
2014-06-15,"2,014",6,15,15.0,0.0,Summer,No,No
2014-06-16,"2,014",6,16,19.0,1.0,Summer,Yes,No
2014-06-17,"2,014",6,17,24.0,23.0,Summer,Yes,No
2014-06-18,"2,014",6,18,21.0,0.0,Summer,No,No
2014-06-19,"2,014",6,19,19.0,0.0,Summer,No,No
2014-06-20,"2,014",6,20,17.0,0.0,Summer,No,No
2014-06-21,"2,014",6,21,19.0,0.0,Summer,No,No
2014-06-22,"2,014",6,22,20.0,0.0,Summer,No,No
2014-06-23,"2,014",6,23,20.0,1.0,Summer,Yes,No
2014-06-24,"2,014",6,24,23.0,13.0,Summer,Yes,No
2014-06-25,"2,014",6,25,21.0,22.0,Summer,Yes,No
2014-06-26,"2,014",6,26,22.0,0.0,Summer,No,No
2014-06-27,"2,014",6,27,22.0,0.0,Summer,No,No
2014-06-28,"2,014",6,28,24.0,0.0,Summer,No,No
2014-06-29,"2,014",6,29,25.0,0.0,Summer,No,No
2014-06-30,"2,014",6,30,26.0,0.0,Summer,No,No
2014-07-01,"2,014",7,1,26.0,7.0,Summer,Yes,No
2014-07-02,"2,014",7,2,24.0,1.0,Summer,Yes,No
2014-07-03,"2,014",7,3,18.0,0.0,Summer,No,No
2014-07-04,"2,014",7,4,18.0,0.0,Summer,No,No
2014-07-05,"2,014",7,5,20.0,0.0,Summer,No,No
2014-07-06,"2,014",7,6,22.0,0.0,Summer,No,No
2014-07-07,"2,014",7,7,25.0,11.0,Summer,Yes,No
2014-07-08,"2,014",7,8,20.0,5.0,Summer,Yes,No
2014-07-09,"2,014",7,9,19.0,0.0,Summer,No,No
2014-07-10,"2,014",7,10,17.0,0.0,Summer,No,No
2014-07-11,"2,014",7,11,19.0,0.0,Summer,No,No
2014-07-12,"2,014",7,12,22.0,0.0,Summer,No,No
2014-07-13,"2,014",7,13,24.0,7.0,Summer,Yes,No
2014-07-14,"2,014",7,14,20.0,0.0,Summer,No,No
2014-07-15,"2,014",7,15,20.0,4.0,Summer,Yes,No
2014-07-16,"2,014",7,16,17.0,0.0,Summer,No,No
2014-07-17,"2,014",7,17,18.0,0.0,Summer,No,No
2014-07-18,"2,014",7,18,18.0,0.0,Summer,No,No
2014-07-19,"2,014",7,19,19.0,7.0,Summer,Yes,No
2014-07-20,"2,014",7,20,20.0,2.0,Summer,Yes,No
2014-07-21,"2,014",7,21,22.0,0.0,Summer,No,No
2014-07-22,"2,014",7,22,24.0,1.0,Summer,Yes,No
2014-07-23,"2,014",7,23,20.0,0.0,Summer,No,No
2014-07-24,"2,014",7,24,19.0,0.0,Summer,No,No
2014-07-25,"2,014",7,25,19.0,0.0,Summer,No,No
2014-07-26,"2,014",7,26,22.0,0.0,Summer,No,No
2014-07-27,"2,014",7,27,24.0,16.0,Summer,Yes,No
2014-07-28,"2,014",7,28,17.0,19.0,Summer,Yes,No
2014-07-29,"2,014",7,29,17.0,1.0,Summer,Yes,No
2014-07-30,"2,014",7,30,19.0,5.0,Summer,Yes,No
2014-07-31,"2,014",7,31,19.0,0.0,Summer,No,No
2014-08-01,"2,014",8,1,22.0,1.0,Summer,Yes,No
2014-08-02,"2,014",8,2,21.0,0.0,Summer,No,No
2014-08-03,"2,014",8,3,23.0,0.0,Summer,No,No
2014-08-04,"2,014",8,4,23.0,3.0,Summer,Yes,No
2014-08-05,"2,014",8,5,21.0,0.0,Summer,No,No
2014-08-06,"2,014",8,6,21.0,0.0,Summer,No,No
2014-08-07,"2,014",8,7,20.0,0.0,Summer,No,No
2014-08-08,"2,014",8,8,20.0,0.0,Summer,No,No
2014-08-09,"2,014",8,9,20.0,0.0,Summer,No,No
2014-08-10,"2,014",8,10,21.0,0.0,Summer,No,No
2014-08-11,"2,014",8,11,23.0,14.0,Summer,Yes,No
2014-08-12,"2,014",8,12,22.0,9.0,Summer,Yes,No
2014-08-13,"2,014",8,13,18.0,0.0,Summer,No,No
2014-08-14,"2,014",8,14,15.0,0.0,Summer,No,No
2014-08-15,"2,014",8,15,18.0,0.0,Summer,No,No
2014-08-16,"2,014",8,16,17.0,0.0,Summer,No,No
2014-08-17,"2,014",8,17,19.0,0.0,Summer,No,No
2014-08-18,"2,014",8,18,16.0,0.0,Summer,No,No
2014-08-19,"2,014",8,19,18.0,0.0,Summer,No,No
2014-08-20,"2,014",8,20,21.0,7.0,Summer,Yes,No
2014-08-21,"2,014",8,21,23.0,0.0,Summer,No,No
2014-08-22,"2,014",8,22,21.0,0.0,Summer,No,No
2014-08-23,"2,014",8,23,21.0,0.0,Summer,No,No
2014-08-24,"2,014",8,24,22.0,0.0,Summer,No,No
2014-08-25,"2,014",8,25,22.0,0.0,Summer,No,No
2014-08-26,"2,014",8,26,26.0,0.0,Summer,No,No
2014-08-27,"2,014",8,27,19.0,0.0,Summer,No,No
2014-08-28,"2,014",8,28,17.0,0.0,Summer,No,No
2014-08-29,"2,014",8,29,17.0,0.0,Summer,No,No
2014-08-30,"2,014",8,30,24.0,3.0,Summer,Yes,No
2014-08-31,"2,014",8,31,25.0,0.0,Summer,No,No
2014-09-01,"2,014",9,1,24.0,3.0,Fall,Yes,No
2014-09-02,"2,014",9,2,20.0,14.0,Fall,Yes,No
2014-09-03,"2,014",9,3,21.0,0.0,Fall,No,No
2014-09-04,"2,014",9,4,23.0,0.0,Fall,No,No
2014-09-05,"2,014",9,5,26.0,24.0,Fall,Yes,No
2014-09-06,"2,014",9,6,18.0,5.0,Fall,Yes,No
2014-09-07,"2,014",9,7,17.0,0.0,Fall,No,No
2014-09-08,"2,014",9,8,17.0,0.0,Fall,No,No
2014-09-09,"2,014",9,9,20.0,0.0,Fall,No,No
2014-09-10,"2,014",9,10,20.0,27.0,Fall,Yes,No
2014-09-11,"2,014",9,11,17.0,8.0,Fall,Yes,No
2014-09-12,"2,014",9,12,12.0,0.0,Fall,No,No
2014-09-13,"2,014",9,13,11.0,2.0,Fall,Yes,No
2014-09-14,"2,014",9,14,11.0,0.0,Fall,No,No
2014-09-15,"2,014",9,15,14.0,4.0,Fall,Yes,No
2014-09-16,"2,014",9,16,14.0,0.0,Fall,No,No
2014-09-17,"2,014",9,17,14.0,0.0,Fall,No,No
2014-09-18,"2,014",9,18,10.0,0.0,Fall,No,No
2014-09-19,"2,014",9,19,9.0,0.0,Fall,No,No
2014-09-20,"2,014",9,20,17.0,0.0,Fall,No,No
2014-09-21,"2,014",9,21,17.0,16.0,Fall,Yes,No
2014-09-22,"2,014",9,22,11.0,0.0,Fall,No,No
2014-09-23,"2,014",9,23,15.0,0.0,Fall,No,No
2014-09-24,"2,014",9,24,16.0,0.0,Fall,No,No
2014-09-25,"2,014",9,25,16.0,0.0,Fall,No,No
2014-09-26,"2,014",9,26,17.0,0.0,Fall,No,No
2014-09-27,"2,014",9,27,19.0,0.0,Fall,No,No
2014-09-28,"2,014",9,28,19.0,0.0,Fall,No,No
2014-09-29,"2,014",9,29,19.0,0.0,Fall,No,No
2014-09-30,"2,014",9,30,17.0,0.0,Fall,No,No
2014-10-01,"2,014",10,1,15.0,0.0,Fall,No,No
2014-10-02,"2,014",10,2,17.0,0.0,Fall,No,No
2014-10-03,"2,014",10,3,19.0,11.0,Fall,Yes,No
2014-10-04,"2,014",10,4,9.0,1.0,Fall,Yes,No
2014-10-05,"2,014",10,5,9.0,0.0,Fall,No,No
2014-10-06,"2,014",10,6,13.0,3.0,Fall,Yes,No
2014-10-07,"2,014",10,7,14.0,8.0,Fall,Yes,No
2014-10-08,"2,014",10,8,10.0,0.0,Fall,No,No
2014-10-09,"2,014",10,9,9.0,0.0,Fall,No,No
2014-10-10,"2,014",10,10,9.0,0.0,Fall,No,No
2014-10-11,"2,014",10,11,9.0,0.0,Fall,No,No
2014-10-12,"2,014",10,12,7.0,0.0,Fall,No,No
2014-10-13,"2,014",10,13,10.0,0.0,Fall,No,No
2014-10-14,"2,014",10,14,19.0,1.0,Fall,Yes,No
2014-10-15,"2,014",10,15,16.0,2.0,Fall,Yes,No
2014-10-16,"2,014",10,16,16.0,5.0,Fall,Yes,No
2014-10-17,"2,014",10,17,14.0,0.0,Fall,No,No
2014-10-18,"2,014",10,18,8.0,0.0,Fall,No,No
2014-10-19,"2,014",10,19,6.0,0.0,Fall,No,No
2014-10-20,"2,014",10,20,9.0,6.0,Fall,Yes,No
2014-10-21,"2,014",10,21,9.0,2.0,Fall,Yes,No
2014-10-22,"2,014",10,22,8.0,0.0,Fall,No,No
2014-10-23,"2,014",10,23,11.0,0.0,Fall,No,No
2014-10-24,"2,014",10,24,10.0,0.0,Fall,No,No
2014-10-25,"2,014",10,25,12.0,0.0,Fall,No,No
2014-10-26,"2,014",10,26,8.0,0.0,Fall,No,No
2014-10-27,"2,014",10,27,7.0,1.0,Fall,Yes,No
2014-10-28,"2,014",10,28,15.0,2.0,Fall,Yes,No
2014-10-29,"2,014",10,29,9.0,0.0,Fall,No,No
2014-10-30,"2,014",10,30,6.0,0.0,Fall,No,No
2014-10-31,"2,014",10,31,4.0,12.0,Fall,Yes,Yes
2014-11-01,"2,014",11,1,1.0,2.0,Fall,No,Yes
2014-11-02,"2,014",11,2,3.0,0.0,Fall,No,No
2014-11-03,"2,014",11,3,8.0,0.0,Fall,No,No
2014-11-04,"2,014",11,4,11.0,4.0,Fall,Yes,No
2014-11-05,"2,014",11,5,7.0,0.0,Fall,No,No
2014-11-06,"2,014",11,6,7.0,2.0,Fall,Yes,No
2014-11-07,"2,014",11,7,1.0,0.0,Fall,No,No
2014-11-08,"2,014",11,8,3.0,1.0,Fall,Yes,No
2014-11-09,"2,014",11,9,4.0,0.0,Fall,No,No
2014-11-10,"2,014",11,10,6.0,0.0,Fall,No,No
2014-11-11,"2,014",11,11,9.0,1.0,Fall,Yes,No
2014-11-12,"2,014",11,12,4.0,0.0,Fall,No,No
2014-11-13,"2,014",11,13,-1.0,0.0,Fall,No,No
2014-11-14,"2,014",11,14,-1.0,0.0,Fall,No,No
2014-11-15,"2,014",11,15,-1.0,0.0,Fall,No,No
2014-11-16,"2,014",11,16,-1.0,2.0,Fall,No,Yes
2014-11-17,"2,014",11,17,-3.0,6.0,Fall,No,Yes
2014-11-18,"2,014",11,18,-7.0,0.0,Fall,No,No
2014-11-19,"2,014",11,19,-6.0,4.0,Fall,No,Yes
2014-11-20,"2,014",11,20,-5.0,0.0,Fall,No,No
2014-11-21,"2,014",11,21,-5.0,0.0,Fall,No,No
2014-11-22,"2,014",11,22,1.0,1.0,Fall,Yes,No
2014-11-23,"2,014",11,23,7.0,2.0,Fall,Yes,No
2014-11-24,"2,014",11,24,11.0,18.0,Fall,Yes,No
2014-11-25,"2,014",11,25,2.0,0.0,Fall,No,No
2014-11-26,"2,014",11,26,1.0,0.0,Fall,No,No
2014-11-27,"2,014",11,27,-1.0,0.0,Fall,No,No
2014-11-28,"2,014",11,28,-5.0,0.0,Fall,No,No
2014-11-29,"2,014",11,29,2.0,0.0,Fall,No,No
2014-11-30,"2,014",11,30,9.0,0.0,Fall,No,No
2014-12-01,"2,014",12,1,-2.0,0.0,Winter,No,No
2014-12-02,"2,014",12,2,-4.0,1.0,Winter,No,Yes
2014-12-03,"2,014",12,3,0.0,0.0,Winter,No,No
2014-12-04,"2,014",12,4,-3.0,0.0,Winter,No,No
2014-12-05,"2,014",12,5,0.0,0.0,Winter,No,No
2014-12-06,"2,014",12,6,2.0,0.0,Winter,No,No
2014-12-07,"2,014",12,7,-4.0,0.0,Winter,No,No
2014-12-08,"2,014",12,8,1.0,0.0,Winter,No,No
2014-12-09,"2,014",12,9,2.0,1.0,Winter,Yes,No
2014-12-10,"2,014",12,10,-2.0,0.0,Winter,No,No
2014-12-11,"2,014",12,11,-4.0,16.0,Winter,No,Yes
2014-12-12,"2,014",12,12,0.0,0.0,Winter,No,No
2014-12-13,"2,014",12,13,1.0,0.0,Winter,No,No
2014-12-14,"2,014",12,14,3.0,0.0,Winter,No,No
2014-12-15,"2,014",12,15,3.0,0.0,Winter,No,No
2014-12-16,"2,014",12,16,3.0,3.0,Winter,Yes,No
2014-12-17,"2,014",12,17,2.0,3.0,Winter,Yes,Yes
2014-12-18,"2,014",12,18,-2.0,0.0,Winter,No,No
2014-12-19,"2,014",12,19,-3.0,0.0,Winter,No,No
2014-12-20,"2,014",12,20,-3.0,0.0,Winter,No,No
2014-12-21,"2,014",12,21,-1.0,0.0,Winter,No,No
2014-12-22,"2,014",12,22,1.0,0.0,Winter,No,No
2014-12-23,"2,014",12,23,3.0,0.0,Winter,No,No
2014-12-24,"2,014",12,24,8.0,9.0,Winter,Yes,No
2014-12-25,"2,014",12,25,4.0,0.0,Winter,No,No
2014-12-26,"2,014",12,26,4.0,0.0,Winter,No,No
2014-12-27,"2,014",12,27,6.0,0.0,Winter,No,No
2014-12-28,"2,014",12,28,2.0,0.0,Winter,No,No
2014-12-29,"2,014",12,29,-3.0,0.0,Winter,No,No
2014-12-30,"2,014",12,30,-5.0,0.0,Winter,No,No
2014-12-31,"2,014",12,31,-8.0,0.0,Winter,No,No
2015-01-01,"2,015",1,1,-5.0,0.0,Winter,No,No
2015-01-02,"2,015",1,2,-4.0,1.0,Winter,No,No
2015-01-03,"2,015",1,3,-2.0,11.0,Winter,Yes,Yes
2015-01-04,"2,015",1,4,-1.0,7.0,Winter,Yes,No
2015-01-05,"2,015",1,5,-10.0,1.0,Winter,No,Yes
2015-01-06,"2,015",1,6,-11.0,0.0,Winter,No,No
2015-01-07,"2,015",1,7,-14.0,0.0,Winter,No,No
2015-01-08,"2,015",1,8,-13.0,1.0,Winter,No,Yes
2015-01-09,"2,015",1,9,-10.0,2.0,Winter,No,Yes
2015-01-10,"2,015",1,10,-13.0,0.0,Winter,No,No
2015-01-11,"2,015",1,11,-6.0,,Winter,No,No
2015-01-12,"2,015",1,12,-9.0,1.0,Winter,No,Yes
2015-01-13,"2,015",1,13,-16.0,0.0,Winter,No,No
2015-01-14,"2,015",1,14,-10.0,0.0,Winter,No,No
2015-01-15,"2,015",1,15,-8.0,0.0,Winter,No,No
2015-01-16,"2,015",1,16,-9.0,0.0,Winter,No,No
2015-01-17,"2,015",1,17,-6.0,0.0,Winter,No,Yes
2015-01-18,"2,015",1,18,3.0,0.0,Winter,No,No
2015-01-19,"2,015",1,19,-5.0,0.0,Winter,No,No
2015-01-20,"2,015",1,20,-10.0,0.0,Winter,No,No
2015-01-21,"2,015",1,21,-8.0,0.0,Winter,No,No
2015-01-22,"2,015",1,22,-4.0,0.0,Winter,No,No
2015-01-23,"2,015",1,23,-2.0,,Winter,No,No
2015-01-24,"2,015",1,24,-3.0,0.0,Winter,No,No
2015-01-25,"2,015",1,25,-8.0,0.0,Winter,No,No
2015-01-26,"2,015",1,26,-11.0,0.0,Winter,No,No
2015-01-27,"2,015",1,27,-9.0,0.0,Winter,No,Yes
2015-01-28,"2,015",1,28,-7.0,0.0,Winter,No,No
2015-01-29,"2,015",1,29,-4.0,6.0,Winter,No,Yes
2015-01-30,"2,015",1,30,-9.0,0.0,Winter,No,No
2015-01-31,"2,015",1,31,-10.0,0.0,Winter,No,No
2015-02-01,"2,015",2,1,-9.0,7.0,Winter,No,Yes
2015-02-02,"2,015",2,2,-14.0,6.0,Winter,No,Yes
2015-02-03,"2,015",2,3,-11.0,1.0,Winter,No,Yes
2015-02-04,"2,015",2,4,-6.0,1.0,Winter,No,Yes
2015-02-05,"2,015",2,5,-12.0,0.0,Winter,No,No
2015-02-06,"2,015",2,6,-9.0,1.0,Winter,No,Yes
2015-02-07,"2,015",2,7,-5.0,5.0,Winter,No,Yes
2015-02-08,"2,015",2,8,-11.0,,Winter,No,Yes
2015-02-09,"2,015",2,9,-12.0,0.0,Winter,No,No
2015-02-10,"2,015",2,10,-8.0,0.0,Winter,No,No
2015-02-11,"2,015",2,11,-6.0,1.0,Winter,No,Yes
2015-02-12,"2,015",2,12,-11.0,0.0,Winter,No,No
2015-02-13,"2,015",2,13,-16.0,0.0,Winter,No,No
2015-02-14,"2,015",2,14,-14.0,0.0,Winter,No,No
2015-02-15,"2,015",2,15,-22.0,0.0,Winter,No,No
2015-02-16,"2,015",2,16,-19.0,0.0,Winter,No,No
2015-02-17,"2,015",2,17,-13.0,0.0,Winter,No,No
2015-02-18,"2,015",2,18,-12.0,1.0,Winter,No,Yes
2015-02-19,"2,015",2,19,-18.0,0.0,Winter,No,No
2015-02-20,"2,015",2,20,-19.0,0.0,Winter,No,No
2015-02-21,"2,015",2,21,-11.0,8.0,Winter,No,Yes
2015-02-22,"2,015",2,22,-10.0,0.0,Winter,No,No
2015-02-23,"2,015",2,23,-18.0,0.0,Winter,No,No
2015-02-24,"2,015",2,24,-15.0,0.0,Winter,No,No
2015-02-25,"2,015",2,25,-12.0,0.0,Winter,No,No
2015-02-26,"2,015",2,26,-14.0,0.0,Winter,No,No
2015-02-27,"2,015",2,27,-15.0,0.0,Winter,No,No
2015-02-28,"2,015",2,28,-12.0,0.0,Winter,No,No
2015-03-01,"2,015",3,1,-8.0,0.0,Spring,No,No
2015-03-02,"2,015",3,2,-7.0,0.0,Spring,No,No
2015-03-03,"2,015",3,3,-6.0,6.0,Spring,Yes,Yes
2015-03-04,"2,015",3,4,-5.0,0.0,Spring,No,No
2015-03-05,"2,015",3,5,-13.0,0.0,Spring,No,No
2015-03-06,"2,015",3,6,-12.0,0.0,Spring,No,No
2015-03-07,"2,015",3,7,-4.0,0.0,Spring,No,No
2015-03-08,"2,015",3,8,-2.0,0.0,Spring,No,No
2015-03-09,"2,015",3,9,1.0,0.0,Spring,No,No
2015-03-10,"2,015",3,10,2.0,0.0,Spring,No,No
2015-03-11,"2,015",3,11,4.0,0.0,Spring,No,No
2015-03-12,"2,015",3,12,1.0,0.0,Spring,No,No
2015-03-13,"2,015",3,13,2.0,0.0,Spring,No,No
2015-03-14,"2,015",3,14,4.0,0.0,Spring,No,No
2015-03-15,"2,015",3,15,3.0,0.0,Spring,No,No
2015-03-16,"2,015",3,16,6.0,2.0,Spring,Yes,No
2015-03-17,"2,015",3,17,1.0,0.0,Spring,No,No
2015-03-18,"2,015",3,18,-2.0,0.0,Spring,No,No
2015-03-19,"2,015",3,19,-3.0,0.0,Spring,No,No
2015-03-20,"2,015",3,20,3.0,0.0,Spring,No,No
2015-03-21,"2,015",3,21,0.0,2.0,Spring,Yes,No
2015-03-22,"2,015",3,22,-6.0,0.0,Spring,No,No
2015-03-23,"2,015",3,23,-7.0,0.0,Spring,No,No
2015-03-24,"2,015",3,24,-4.0,0.0,Spring,No,No
2015-03-25,"2,015",3,25,1.0,3.0,Spring,Yes,No
2015-03-26,"2,015",3,26,3.0,1.0,Spring,Yes,No
2015-03-27,"2,015",3,27,-4.0,0.0,Spring,No,No
2015-03-28,"2,015",3,28,-6.0,0.0,Spring,No,No
2015-03-29,"2,015",3,29,-2.0,0.0,Spring,No,No
2015-03-30,"2,015",3,30,3.0,,Spring,No,No
2015-03-31,"2,015",3,31,2.0,0.0,Spring,No,No
2015-04-01,"2,015",4,1,2.0,0.0,Spring,No,No
2015-04-02,"2,015",4,2,10.0,4.0,Spring,Yes,No
2015-04-03,"2,015",4,3,8.0,4.0,Spring,Yes,No
2015-04-04,"2,015",4,4,2.0,2.0,Spring,No,Yes
2015-04-05,"2,015",4,5,-1.0,0.0,Spring,No,No
2015-04-06,"2,015",4,6,5.0,0.0,Spring,No,No
2015-04-07,"2,015",4,7,4.0,0.0,Spring,No,No
2015-04-08,"2,015",4,8,3.0,18.0,Spring,Yes,No
2015-04-09,"2,015",4,9,5.0,11.0,Spring,Yes,No
2015-04-10,"2,015",4,10,10.0,3.0,Spring,Yes,No
2015-04-11,"2,015",4,11,7.0,0.0,Spring,No,No
2015-04-12,"2,015",4,12,10.0,0.0,Spring,No,No
2015-04-13,"2,015",4,13,15.0,5.0,Spring,Yes,No
2015-04-14,"2,015",4,14,11.0,0.0,Spring,No,No
2015-04-15,"2,015",4,15,10.0,0.0,Spring,No,No
2015-04-16,"2,015",4,16,9.0,0.0,Spring,No,No
2015-04-17,"2,015",4,17,15.0,0.0,Spring,No,No
2015-04-18,"2,015",4,18,12.0,0.0,Spring,No,No
2015-04-19,"2,015",4,19,8.0,7.0,Spring,Yes,No
2015-04-20,"2,015",4,20,11.0,19.0,Spring,Yes,No
2015-04-21,"2,015",4,21,7.0,6.0,Spring,Yes,No
2015-04-22,"2,015",4,22,4.0,0.0,Spring,No,No
2015-04-23,"2,015",4,23,1.0,0.0,Spring,No,No
2015-04-24,"2,015",4,24,3.0,0.0,Spring,No,No
2015-04-25,"2,015",4,25,4.0,0.0,Spring,No,No
2015-04-26,"2,015",4,26,7.0,0.0,Spring,No,No
2015-04-27,"2,015",4,27,8.0,0.0,Spring,No,No
2015-04-28,"2,015",4,28,12.0,0.0,Spring,No,No
2015-04-29,"2,015",4,29,13.0,0.0,Spring,No,No
2015-04-30,"2,015",4,30,12.0,0.0,Spring,No,No
2015-05-01,"2,015",5,1,15.0,0.0,Spring,No,No
2015-05-02,"2,015",5,2,15.0,0.0,Spring,No,No
2015-05-03,"2,015",5,3,17.0,0.0,Spring,No,No
2015-05-04,"2,015",5,4,17.0,0.0,Spring,No,No
2015-05-05,"2,015",5,5,12.0,0.0,Spring,No,No
2015-05-06,"2,015",5,6,15.0,0.0,Spring,No,No
2015-05-07,"2,015",5,7,17.0,0.0,Spring,No,No
2015-05-08,"2,015",5,8,18.0,0.0,Spring,No,No
2015-05-09,"2,015",5,9,20.0,10.0,Spring,Yes,No
2015-05-10,"2,015",5,10,21.0,2.0,Spring,Yes,No
2015-05-11,"2,015",5,11,16.0,6.0,Spring,Yes,No
2015-05-12,"2,015",5,12,12.0,0.0,Spring,No,No
2015-05-13,"2,015",5,13,9.0,0.0,Spring,No,No
2015-05-14,"2,015",5,14,10.0,0.0,Spring,No,No
2015-05-15,"2,015",5,15,12.0,0.0,Spring,No,No
2015-05-16,"2,015",5,16,19.0,0.0,Spring,No,No
2015-05-17,"2,015",5,17,18.0,0.0,Spring,No,No
2015-05-18,"2,015",5,18,21.0,0.0,Spring,No,No
2015-05-19,"2,015",5,19,12.0,0.0,Spring,No,No
2015-05-20,"2,015",5,20,10.0,0.0,Spring,No,No
2015-05-21,"2,015",5,21,14.0,0.0,Spring,No,No
2015-05-22,"2,015",5,22,10.0,0.0,Spring,No,No
2015-05-23,"2,015",5,23,12.0,0.0,Spring,No,No
2015-05-24,"2,015",5,24,20.0,0.0,Spring,No,No
2015-05-25,"2,015",5,25,23.0,0.0,Spring,No,No
2015-05-26,"2,015",5,26,24.0,0.0,Spring,No,No
2015-05-27,"2,015",5,27,23.0,0.0,Spring,No,No
2015-05-28,"2,015",5,28,21.0,0.0,Spring,No,No
2015-05-29,"2,015",5,29,21.0,0.0,Spring,No,No
2015-05-30,"2,015",5,30,20.0,23.0,Spring,Yes,No
2015-05-31,"2,015",5,31,9.0,20.0,Spring,Yes,No
2015-06-01,"2,015",6,1,12.0,0.0,Summer,No,No
2015-06-02,"2,015",6,2,13.0,0.0,Summer,No,No
2015-06-03,"2,015",6,3,14.0,0.0,Summer,No,No
2015-06-04,"2,015",6,4,17.0,0.0,Summer,No,No
2015-06-05,"2,015",6,5,19.0,6.0,Summer,Yes,No
2015-06-06,"2,015",6,6,14.0,0.0,Summer,No,No
2015-06-07,"2,015",6,7,15.0,7.0,Summer,Yes,No
2015-06-08,"2,015",6,8,20.0,21.0,Summer,Yes,No
2015-06-09,"2,015",6,9,19.0,2.0,Summer,Yes,No
2015-06-10,"2,015",6,10,21.0,13.0,Summer,Yes,No
2015-06-11,"2,015",6,11,19.0,0.0,Summer,No,No
2015-06-12,"2,015",6,12,16.0,11.0,Summer,Yes,No
2015-06-13,"2,015",6,13,19.0,0.0,Summer,No,No
2015-06-14,"2,015",6,14,18.0,4.0,Summer,Yes,No
2015-06-15,"2,015",6,15,21.0,0.0,Summer,No,No
2015-06-16,"2,015",6,16,21.0,24.0,Summer,Yes,No
2015-06-17,"2,015",6,17,18.0,0.0,Summer,No,No
2015-06-18,"2,015",6,18,21.0,0.0,Summer,No,No
2015-06-19,"2,015",6,19,17.0,0.0,Summer,No,No
2015-06-20,"2,015",6,20,17.0,0.0,Summer,No,No
2015-06-21,"2,015",6,21,22.0,0.0,Summer,No,No
2015-06-22,"2,015",6,22,21.0,22.0,Summer,Yes,No
2015-06-23,"2,015",6,23,21.0,2.0,Summer,Yes,No
2015-06-24,"2,015",6,24,20.0,0.0,Summer,No,No
2015-06-25,"2,015",6,25,19.0,0.0,Summer,No,No
2015-06-26,"2,015",6,26,19.0,0.0,Summer,No,No
2015-06-27,"2,015",6,27,16.0,34.0,Summer,Yes,No
2015-06-28,"2,015",6,28,14.0,14.0,Summer,Yes,No
2015-06-29,"2,015",6,29,19.0,0.0,Summer,No,No
2015-06-30,"2,015",6,30,17.0,0.0,Summer,No,No
2015-07-01,"2,015",7,1,20.0,0.0,Summer,No,No
2015-07-02,"2,015",7,2,18.0,0.0,Summer,No,No
2015-07-03,"2,015",7,3,17.0,0.0,Summer,No,No
2015-07-04,"2,015",7,4,18.0,0.0,Summer,No,No
2015-07-05,"2,015",7,5,21.0,0.0,Summer,No,No
2015-07-06,"2,015",7,6,22.0,0.0,Summer,No,No
2015-07-07,"2,015",7,7,23.0,16.0,Summer,Yes,No
2015-07-08,"2,015",7,8,17.0,0.0,Summer,No,No
2015-07-09,"2,015",7,9,20.0,0.0,Summer,No,No
2015-07-10,"2,015",7,10,20.0,0.0,Summer,No,No
2015-07-11,"2,015",7,11,22.0,0.0,Summer,No,No
2015-07-12,"2,015",7,12,23.0,0.0,Summer,No,No
2015-07-13,"2,015",7,13,23.0,0.0,Summer,No,No
2015-07-14,"2,015",7,14,21.0,2.0,Summer,Yes,No
2015-07-15,"2,015",7,15,17.0,0.0,Summer,No,No
2015-07-16,"2,015",7,16,18.0,0.0,Summer,No,No
2015-07-17,"2,015",7,17,19.0,5.0,Summer,Yes,No
2015-07-18,"2,015",7,18,25.0,0.0,Summer,No,No
2015-07-19,"2,015",7,19,25.0,0.0,Summer,No,No
2015-07-20,"2,015",7,20,23.0,0.0,Summer,No,No
2015-07-21,"2,015",7,21,22.0,0.0,Summer,No,No
2015-07-22,"2,015",7,22,20.0,0.0,Summer,No,No
2015-07-23,"2,015",7,23,20.0,0.0,Summer,No,No
2015-07-24,"2,015",7,24,21.0,0.0,Summer,No,No
2015-07-25,"2,015",7,25,26.0,0.0,Summer,No,No
2015-07-26,"2,015",7,26,24.0,0.0,Summer,No,No
2015-07-27,"2,015",7,27,25.0,0.0,Summer,No,No
2015-07-28,"2,015",7,28,26.0,0.0,Summer,No,No
2015-07-29,"2,015",7,29,26.0,0.0,Summer,No,No
2015-07-30,"2,015",7,30,25.0,0.0,Summer,No,No
2015-07-31,"2,015",7,31,23.0,0.0,Summer,No,No
2015-08-01,"2,015",8,1,22.0,0.0,Summer,No,No
2015-08-02,"2,015",8,2,23.0,14.0,Summer,Yes,No
2015-08-03,"2,015",8,3,22.0,1.0,Summer,Yes,No
2015-08-04,"2,015",8,4,22.0,1.0,Summer,Yes,No
2015-08-05,"2,015",8,5,19.0,0.0,Summer,No,No
2015-08-06,"2,015",8,6,19.0,,Summer,No,No
2015-08-07,"2,015",8,7,20.0,0.0,Summer,No,No
2015-08-08,"2,015",8,8,20.0,0.0,Summer,No,No
2015-08-09,"2,015",8,9,19.0,0.0,Summer,No,No
2015-08-10,"2,015",8,10,19.0,36.0,Summer,Yes,No
2015-08-11,"2,015",8,11,22.0,0.0,Summer,No,No
2015-08-12,"2,015",8,12,19.0,0.0,Summer,No,No
2015-08-13,"2,015",8,13,20.0,0.0,Summer,No,No
2015-08-14,"2,015",8,14,24.0,3.0,Summer,Yes,No
2015-08-15,"2,015",8,15,24.0,0.0,Summer,No,No
2015-08-16,"2,015",8,16,25.0,0.0,Summer,No,No
2015-08-17,"2,015",8,17,27.0,0.0,Summer,No,No
2015-08-18,"2,015",8,18,24.0,0.0,Summer,No,No
2015-08-19,"2,015",8,19,25.0,6.0,Summer,Yes,No
2015-08-20,"2,015",8,20,21.0,,Summer,No,No
2015-08-21,"2,015",8,21,19.0,0.0,Summer,No,No
2015-08-22,"2,015",8,22,18.0,0.0,Summer,No,No
2015-08-23,"2,015",8,23,19.0,0.0,Summer,No,No
2015-08-24,"2,015",8,24,20.0,,Summer,No,No
2015-08-25,"2,015",8,25,18.0,0.0,Summer,No,No
2015-08-26,"2,015",8,26,17.0,0.0,Summer,No,No
2015-08-27,"2,015",8,27,16.0,0.0,Summer,No,No
2015-08-28,"2,015",8,28,17.0,0.0,Summer,No,No
2015-08-29,"2,015",8,29,20.0,0.0,Summer,No,No
2015-08-30,"2,015",8,30,22.0,0.0,Summer,No,No
2015-08-31,"2,015",8,31,23.0,0.0,Summer,No,No
2015-09-01,"2,015",9,1,23.0,0.0,Fall,No,No
2015-09-02,"2,015",9,2,27.0,0.0,Fall,No,No
2015-09-03,"2,015",9,3,26.0,0.0,Fall,No,No
2015-09-04,"2,015",9,4,25.0,0.0,Fall,No,No
2015-09-05,"2,015",9,5,24.0,0.0,Fall,No,No
2015-09-06,"2,015",9,6,26.0,0.0,Fall,No,No
2015-09-07,"2,015",9,7,28.0,0.0,Fall,No,No
2015-09-08,"2,015",9,8,26.0,9.0,Fall,Yes,No
2015-09-09,"2,015",9,9,21.0,3.0,Fall,Yes,No
2015-09-10,"2,015",9,10,18.0,0.0,Fall,No,No
2015-09-11,"2,015",9,11,18.0,7.0,Fall,Yes,No
2015-09-12,"2,015",9,12,14.0,15.0,Fall,Yes,No
2015-09-13,"2,015",9,13,12.0,3.0,Fall,Yes,No
2015-09-14,"2,015",9,14,17.0,0.0,Fall,No,No
2015-09-15,"2,015",9,15,21.0,0.0,Fall,No,No
2015-09-16,"2,015",9,16,22.0,0.0,Fall,No,No
2015-09-17,"2,015",9,17,22.0,0.0,Fall,No,No
2015-09-18,"2,015",9,18,22.0,0.0,Fall,No,No
2015-09-19,"2,015",9,19,19.0,11.0,Fall,Yes,No
2015-09-20,"2,015",9,20,14.0,0.0,Fall,No,No
2015-09-21,"2,015",9,21,15.0,0.0,Fall,No,No
2015-09-22,"2,015",9,22,16.0,0.0,Fall,No,No
2015-09-23,"2,015",9,23,19.0,0.0,Fall,No,No
2015-09-24,"2,015",9,24,19.0,0.0,Fall,No,No
2015-09-25,"2,015",9,25,17.0,0.0,Fall,No,No
2015-09-26,"2,015",9,26,15.0,0.0,Fall,No,No
2015-09-27,"2,015",9,27,16.0,0.0,Fall,No,No
2015-09-28,"2,015",9,28,20.0,0.0,Fall,No,No
2015-09-29,"2,015",9,29,18.0,13.0,Fall,Yes,No
2015-09-30,"2,015",9,30,12.0,0.0,Fall,No,No
2015-10-01,"2,015",10,1,10.0,0.0,Fall,No,No
2015-10-02,"2,015",10,2,9.0,0.0,Fall,No,No
2015-10-03,"2,015",10,3,9.0,2.0,Fall,Yes,No
2015-10-04,"2,015",10,4,12.0,0.0,Fall,No,No
2015-10-05,"2,015",10,5,12.0,1.0,Fall,Yes,No
2015-10-06,"2,015",10,6,13.0,0.0,Fall,No,No
2015-10-07,"2,015",10,7,15.0,0.0,Fall,No,No
2015-10-08,"2,015",10,8,11.0,13.0,Fall,Yes,No
2015-10-09,"2,015",10,9,11.0,1.0,Fall,Yes,No
2015-10-10,"2,015",10,10,10.0,0.0,Fall,No,No
2015-10-11,"2,015",10,11,17.0,0.0,Fall,No,No
2015-10-12,"2,015",10,12,18.0,0.0,Fall,No,No
2015-10-13,"2,015",10,13,15.0,0.0,Fall,No,No
2015-10-14,"2,015",10,14,9.0,0.0,Fall,No,No
2015-10-15,"2,015",10,15,12.0,4.0,Fall,Yes,No
2015-10-16,"2,015",10,16,7.0,1.0,Fall,Yes,No
2015-10-17,"2,015",10,17,2.0,0.0,Fall,No,No
2015-10-18,"2,015",10,18,2.0,0.0,Fall,No,No
2015-10-19,"2,015",10,19,7.0,1.0,Fall,Yes,No
2015-10-20,"2,015",10,20,15.0,0.0,Fall,No,No
2015-10-21,"2,015",10,21,11.0,1.0,Fall,Yes,No
2015-10-22,"2,015",10,22,11.0,0.0,Fall,No,No
2015-10-23,"2,015",10,23,5.0,0.0,Fall,No,No
2015-10-24,"2,015",10,24,12.0,4.0,Fall,Yes,No
2015-10-25,"2,015",10,25,8.0,0.0,Fall,No,No
2015-10-26,"2,015",10,26,6.0,0.0,Fall,No,No
2015-10-27,"2,015",10,27,7.0,0.0,Fall,No,No
2015-10-28,"2,015",10,28,12.0,37.0,Fall,Yes,No
2015-10-29,"2,015",10,29,10.0,0.0,Fall,No,No
2015-10-30,"2,015",10,30,5.0,0.0,Fall,No,No
2015-10-31,"2,015",10,31,6.0,2.0,Fall,Yes,No
2015-11-01,"2,015",11,1,10.0,3.0,Fall,Yes,No
2015-11-02,"2,015",11,2,9.0,0.0,Fall,No,No
2015-11-03,"2,015",11,3,15.0,0.0,Fall,No,No
2015-11-04,"2,015",11,4,12.0,0.0,Fall,No,No
2015-11-05,"2,015",11,5,15.0,0.0,Fall,No,No
2015-11-06,"2,015",11,6,13.0,3.0,Fall,Yes,No
2015-11-07,"2,015",11,7,7.0,0.0,Fall,No,No
2015-11-08,"2,015",11,8,6.0,0.0,Fall,No,No
2015-11-09,"2,015",11,9,6.0,0.0,Fall,No,No
2015-11-10,"2,015",11,10,5.0,15.0,Fall,Yes,No
2015-11-11,"2,015",11,11,10.0,1.0,Fall,Yes,No
2015-11-12,"2,015",11,12,10.0,2.0,Fall,Yes,No
2015-11-13,"2,015",11,13,6.0,0.0,Fall,No,No
2015-11-14,"2,015",11,14,3.0,0.0,Fall,No,No
2015-11-15,"2,015",11,15,8.0,0.0,Fall,No,No
2015-11-16,"2,015",11,16,7.0,0.0,Fall,No,No
2015-11-17,"2,015",11,17,6.0,0.0,Fall,No,No
2015-11-18,"2,015",11,18,11.0,1.0,Fall,Yes,No
2015-11-19,"2,015",11,19,10.0,2.0,Fall,Yes,No
2015-11-20,"2,015",11,20,4.0,0.0,Fall,No,No
2015-11-21,"2,015",11,21,4.0,5.0,Fall,Yes,No
2015-11-22,"2,015",11,22,-1.0,0.0,Fall,No,No
2015-11-23,"2,015",11,23,-2.0,0.0,Fall,No,No
2015-11-24,"2,015",11,24,3.0,0.0,Fall,No,Yes
2015-11-25,"2,015",11,25,3.0,0.0,Fall,No,No
2015-11-26,"2,015",11,26,10.0,0.0,Fall,No,No
2015-11-27,"2,015",11,27,8.0,2.0,Fall,Yes,No
2015-11-28,"2,015",11,28,-1.0,0.0,Fall,No,No
2015-11-29,"2,015",11,29,-1.0,0.0,Fall,No,No
2015-11-30,"2,015",11,30,1.0,0.0,Fall,No,No
2015-12-01,"2,015",12,1,5.0,2.0,Winter,Yes,No
2015-12-02,"2,015",12,2,4.0,0.0,Winter,No,No
2015-12-03,"2,015",12,3,4.0,0.0,Winter,No,No
2015-12-04,"2,015",12,4,5.0,0.0,Winter,No,No
2015-12-05,"2,015",12,5,3.0,0.0,Winter,No,No
2015-12-06,"2,015",12,6,1.0,0.0,Winter,No,No
2015-12-07,"2,015",12,7,2.0,0.0,Winter,No,No
2015-12-08,"2,015",12,8,4.0,0.0,Winter,No,No
2015-12-09,"2,015",12,9,8.0,0.0,Winter,No,No
2015-12-10,"2,015",12,10,8.0,0.0,Winter,No,No
2015-12-11,"2,015",12,11,9.0,0.0,Winter,No,No
2015-12-12,"2,015",12,12,5.0,0.0,Winter,No,No
2015-12-13,"2,015",12,13,6.0,0.0,Winter,No,No
2015-12-14,"2,015",12,14,9.0,5.0,Winter,Yes,No
2015-12-15,"2,015",12,15,5.0,0.0,Winter,No,No
2015-12-16,"2,015",12,16,4.0,0.0,Winter,No,No
2015-12-17,"2,015",12,17,6.0,0.0,Winter,No,No
2015-12-18,"2,015",12,18,0.0,0.0,Winter,No,No
2015-12-19,"2,015",12,19,-2.0,0.0,Winter,No,No
2015-12-20,"2,015",12,20,1.0,0.0,Winter,No,No
2015-12-21,"2,015",12,21,6.0,4.0,Winter,Yes,No
2015-12-22,"2,015",12,22,9.0,1.0,Winter,Yes,No
2015-12-23,"2,015",12,23,9.0,0.0,Winter,No,No
2015-12-24,"2,015",12,24,10.0,0.0,Winter,No,No
2015-12-25,"2,015",12,25,5.0,0.0,Winter,No,No
2015-12-26,"2,015",12,26,1.0,2.0,Winter,Yes,No
2015-12-27,"2,015",12,27,1.0,4.0,Winter,Yes,No
2015-12-28,"2,015",12,28,-3.0,15.0,Winter,Yes,Yes
2015-12-29,"2,015",12,29,2.0,14.0,Winter,Yes,No
2015-12-30,"2,015",12,30,2.0,0.0,Winter,No,No
2015-12-31,"2,015",12,31,0.0,0.0,Winter,No,No
2016-01-01,"2,016",1,1,-2.0,1.0,Winter,No,Yes
2016-01-02,"2,016",1,2,-2.0,0.0,Winter,No,No
2016-01-03,"2,016",1,3,-5.0,0.0,Winter,No,No
2016-01-04,"2,016",1,4,-13.0,0.0,Winter,No,No
2016-01-05,"2,016",1,5,-9.0,0.0,Winter,No,No
2016-01-06,"2,016",1,6,-2.0,0.0,Winter,No,No
2016-01-07,"2,016",1,7,-1.0,0.0,Winter,No,No
2016-01-08,"2,016",1,8,-1.0,3.0,Winter,Yes,No
2016-01-09,"2,016",1,9,6.0,2.0,Winter,Yes,No
2016-01-10,"2,016",1,10,0.0,18.0,Winter,Yes,No
2016-01-11,"2,016",1,11,-8.0,0.0,Winter,No,No
2016-01-12,"2,016",1,12,-6.0,4.0,Winter,No,Yes
2016-01-13,"2,016",1,13,-9.0,0.0,Winter,No,No
2016-01-14,"2,016",1,14,-5.0,0.0,Winter,No,No
2016-01-15,"2,016",1,15,1.0,2.0,Winter,Yes,No
2016-01-16,"2,016",1,16,-1.0,1.0,Winter,Yes,No
2016-01-17,"2,016",1,17,-5.0,0.0,Winter,No,No
2016-01-18,"2,016",1,18,-10.0,2.0,Winter,No,Yes
2016-01-19,"2,016",1,19,-9.0,0.0,Winter,No,No
2016-01-20,"2,016",1,20,-6.0,0.0,Winter,No,No
2016-01-21,"2,016",1,21,-7.0,0.0,Winter,No,Yes
2016-01-22,"2,016",1,22,-7.0,0.0,Winter,No,No
2016-01-23,"2,016",1,23,-8.0,0.0,Winter,No,No
2016-01-24,"2,016",1,24,-6.0,0.0,Winter,No,No
2016-01-25,"2,016",1,25,1.0,0.0,Winter,No,No
2016-01-26,"2,016",1,26,4.0,0.0,Winter,No,No
2016-01-27,"2,016",1,27,-1.0,0.0,Winter,No,No
2016-01-28,"2,016",1,28,0.0,1.0,Winter,No,Yes
2016-01-29,"2,016",1,29,-6.0,0.0,Winter,No,No
2016-01-30,"2,016",1,30,-1.0,0.0,Winter,No,No
2016-01-31,"2,016",1,31,6.0,3.0,Winter,Yes,No
2016-02-01,"2,016",2,1,4.0,0.0,Winter,No,No
2016-02-02,"2,016",2,2,0.0,4.0,Winter,Yes,No
2016-02-03,"2,016",2,3,9.0,3.0,Winter,Yes,No
2016-02-04,"2,016",2,4,1.0,0.0,Winter,No,No
2016-02-05,"2,016",2,5,0.0,0.0,Winter,No,No
2016-02-06,"2,016",2,6,1.0,0.0,Winter,No,No
2016-02-07,"2,016",2,7,2.0,0.0,Winter,No,No
2016-02-08,"2,016",2,8,2.0,1.0,Winter,No,Yes
2016-02-09,"2,016",2,9,-1.0,1.0,Winter,No,Yes
2016-02-10,"2,016",2,10,-7.0,1.0,Winter,No,Yes
2016-02-11,"2,016",2,11,-13.0,0.0,Winter,No,No
2016-02-12,"2,016",2,12,-10.0,1.0,Winter,No,Yes
2016-02-13,"2,016",2,13,-21.0,0.0,Winter,No,No
2016-02-14,"2,016",2,14,-17.0,0.0,Winter,No,No
2016-02-15,"2,016",2,15,-6.0,0.0,Winter,No,No
2016-02-16,"2,016",2,16,-1.0,7.0,Winter,No,Yes
2016-02-17,"2,016",2,17,-6.0,1.0,Winter,No,Yes
2016-02-18,"2,016",2,18,-10.0,0.0,Winter,No,No
2016-02-19,"2,016",2,19,2.0,,Winter,No,No
2016-02-20,"2,016",2,20,8.0,0.0,Winter,No,No
2016-02-21,"2,016",2,21,2.0,0.0,Winter,No,No
2016-02-22,"2,016",2,22,-2.0,,Winter,No,No
2016-02-23,"2,016",2,23,-1.0,0.0,Winter,No,No
2016-02-24,"2,016",2,24,1.0,24.0,Winter,Yes,Yes
2016-02-25,"2,016",2,25,-3.0,3.0,Winter,Yes,Yes
2016-02-26,"2,016",2,26,-7.0,0.0,Winter,No,No
2016-02-27,"2,016",2,27,-1.0,0.0,Winter,No,No
2016-02-28,"2,016",2,28,8.0,0.0,Winter,No,No
2016-02-29,"2,016",2,29,1.0,0.0,Winter,No,No
2016-03-01,"2,016",3,1,-9.0,10.0,Spring,No,Yes
2016-03-02,"2,016",3,2,-8.0,0.0,Spring,No,No
2016-03-03,"2,016",3,3,-7.0,1.0,Spring,No,Yes
2016-03-04,"2,016",3,4,-3.0,0.0,Spring,No,No
2016-03-05,"2,016",3,5,-3.0,0.0,Spring,No,No
2016-03-06,"2,016",3,6,-3.0,0.0,Spring,No,No
2016-03-07,"2,016",3,7,6.0,0.0,Spring,No,No
2016-03-08,"2,016",3,8,7.0,0.0,Spring,No,No
2016-03-09,"2,016",3,9,13.0,0.0,Spring,No,No
2016-03-10,"2,016",3,10,8.0,4.0,Spring,Yes,No
2016-03-11,"2,016",3,11,5.0,0.0,Spring,No,No
2016-03-12,"2,016",3,12,8.0,0.0,Spring,No,No
2016-03-13,"2,016",3,13,6.0,0.0,Spring,No,No
2016-03-14,"2,016",3,14,6.0,11.0,Spring,Yes,No
2016-03-15,"2,016",3,15,8.0,6.0,Spring,Yes,No
2016-03-16,"2,016",3,16,9.0,2.0,Spring,Yes,No
2016-03-17,"2,016",3,17,7.0,1.0,Spring,Yes,No
2016-03-18,"2,016",3,18,1.0,0.0,Spring,No,No
2016-03-19,"2,016",3,19,-2.0,0.0,Spring,No,No
2016-03-20,"2,016",3,20,-2.0,0.0,Spring,No,No
2016-03-21,"2,016",3,21,0.0,0.0,Spring,No,No
2016-03-22,"2,016",3,22,1.0,2.0,Spring,Yes,No
2016-03-23,"2,016",3,23,2.0,1.0,Spring,No,No
2016-03-24,"2,016",3,24,-1.0,15.0,Spring,Yes,Yes
2016-03-25,"2,016",3,25,0.0,0.0,Spring,No,No
2016-03-26,"2,016",3,26,1.0,0.0,Spring,No,No
2016-03-27,"2,016",3,27,5.0,0.0,Spring,No,No
2016-03-28,"2,016",3,28,6.0,8.0,Spring,Yes,No
2016-03-29,"2,016",3,29,3.0,0.0,Spring,No,No
2016-03-30,"2,016",3,30,4.0,0.0,Spring,No,No
2016-03-31,"2,016",3,31,12.0,20.0,Spring,Yes,No
2016-04-01,"2,016",4,1,8.0,0.0,Spring,No,No
2016-04-02,"2,016",4,2,1.0,1.0,Spring,No,Yes
2016-04-03,"2,016",4,3,-4.0,9.0,Spring,No,Yes
2016-04-04,"2,016",4,4,-5.0,4.0,Spring,No,Yes
2016-04-05,"2,016",4,5,-4.0,0.0,Spring,No,No
2016-04-06,"2,016",4,6,2.0,9.0,Spring,Yes,Yes
2016-04-07,"2,016",4,7,3.0,1.0,Spring,Yes,No
2016-04-08,"2,016",4,8,0.0,0.0,Spring,No,No
2016-04-09,"2,016",4,9,-4.0,0.0,Spring,No,No
2016-04-10,"2,016",4,10,-3.0,8.0,Spring,Yes,Yes
2016-04-11,"2,016",4,11,6.0,3.0,Spring,Yes,No
2016-04-12,"2,016",4,12,3.0,0.0,Spring,No,No
2016-04-13,"2,016",4,13,2.0,0.0,Spring,No,No
2016-04-14,"2,016",4,14,4.0,0.0,Spring,No,No
2016-04-15,"2,016",4,15,7.0,0.0,Spring,No,No
2016-04-16,"2,016",4,16,11.0,0.0,Spring,No,No
2016-04-17,"2,016",4,17,13.0,0.0,Spring,No,No
2016-04-18,"2,016",4,18,16.0,0.0,Spring,No,No
2016-04-19,"2,016",4,19,11.0,0.0,Spring,No,No
2016-04-20,"2,016",4,20,9.0,0.0,Spring,No,No
2016-04-21,"2,016",4,21,10.0,1.0,Spring,Yes,No
2016-04-22,"2,016",4,22,12.0,1.0,Spring,Yes,No
2016-04-23,"2,016",4,23,7.0,0.0,Spring,No,No
2016-04-24,"2,016",4,24,6.0,0.0,Spring,No,No
2016-04-25,"2,016",4,25,6.0,11.0,Spring,Yes,No
2016-04-26,"2,016",4,26,4.0,12.0,Spring,Yes,No
2016-04-27,"2,016",4,27,6.0,0.0,Spring,No,No
2016-04-28,"2,016",4,28,5.0,0.0,Spring,No,No
2016-04-29,"2,016",4,29,8.0,0.0,Spring,No,No
2016-04-30,"2,016",4,30,8.0,0.0,Spring,No,No
2016-05-01,"2,016",5,1,9.0,6.0,Spring,Yes,No
2016-05-02,"2,016",5,2,10.0,1.0,Spring,Yes,No
2016-05-03,"2,016",5,3,9.0,0.0,Spring,No,No
2016-05-04,"2,016",5,4,11.0,0.0,Spring,No,No
2016-05-05,"2,016",5,5,12.0,0.0,Spring,No,No
2016-05-06,"2,016",5,6,15.0,0.0,Spring,No,No
2016-05-07,"2,016",5,7,12.0,0.0,Spring,No,No
2016-05-08,"2,016",5,8,10.0,2.0,Spring,Yes,No
2016-05-09,"2,016",5,9,9.0,0.0,Spring,No,No
2016-05-10,"2,016",5,10,10.0,0.0,Spring,No,No
2016-05-11,"2,016",5,11,11.0,0.0,Spring,No,No
2016-05-12,"2,016",5,12,14.0,7.0,Spring,Yes,No
2016-05-13,"2,016",5,13,17.0,8.0,Spring,Yes,No
2016-05-14,"2,016",5,14,8.0,5.0,Spring,Yes,No
2016-05-15,"2,016",5,15,5.0,1.0,Spring,Yes,No
2016-05-16,"2,016",5,16,9.0,2.0,Spring,Yes,No
2016-05-17,"2,016",5,17,10.0,0.0,Spring,No,No
2016-05-18,"2,016",5,18,10.0,0.0,Spring,No,No
2016-05-19,"2,016",5,19,15.0,0.0,Spring,No,No
2016-05-20,"2,016",5,20,15.0,0.0,Spring,No,No
2016-05-21,"2,016",5,21,18.0,0.0,Spring,No,No
2016-05-22,"2,016",5,22,18.0,0.0,Spring,No,No
2016-05-23,"2,016",5,23,18.0,0.0,Spring,No,No
2016-05-24,"2,016",5,24,21.0,0.0,Spring,No,No
2016-05-25,"2,016",5,25,23.0,0.0,Spring,No,No
2016-05-26,"2,016",5,26,21.0,2.0,Spring,Yes,No
2016-05-27,"2,016",5,27,23.0,0.0,Spring,No,No
2016-05-28,"2,016",5,28,25.0,0.0,Spring,No,No
2016-05-29,"2,016",5,29,26.0,0.0,Spring,No,No
2016-05-30,"2,016",5,30,22.0,0.0,Spring,No,No
2016-05-31,"2,016",5,31,20.0,0.0,Spring,No,No
2016-06-01,"2,016",6,1,16.0,0.0,Summer,No,No
2016-06-02,"2,016",6,2,23.0,0.0,Summer,No,No
2016-06-03,"2,016",6,3,20.0,0.0,Summer,No,No
2016-06-04,"2,016",6,4,20.0,5.0,Summer,Yes,No
2016-06-05,"2,016",6,5,21.0,6.0,Summer,Yes,No
2016-06-06,"2,016",6,6,20.0,1.0,Summer,Yes,No
2016-06-07,"2,016",6,7,15.0,0.0,Summer,No,No
2016-06-08,"2,016",6,8,11.0,0.0,Summer,No,No
2016-06-09,"2,016",6,9,14.0,0.0,Summer,No,No
2016-06-10,"2,016",6,10,16.0,0.0,Summer,No,No
2016-06-11,"2,016",6,11,22.0,7.0,Summer,Yes,No
2016-06-12,"2,016",6,12,17.0,0.0,Summer,No,No
2016-06-13,"2,016",6,13,16.0,0.0,Summer,No,No
2016-06-14,"2,016",6,14,15.0,0.0,Summer,No,No
2016-06-15,"2,016",6,15,18.0,0.0,Summer,No,No
2016-06-16,"2,016",6,16,22.0,0.0,Summer,No,No
2016-06-17,"2,016",6,17,22.0,0.0,Summer,No,No
2016-06-18,"2,016",6,18,24.0,0.0,Summer,No,No
2016-06-19,"2,016",6,19,26.0,0.0,Summer,No,No
2016-06-20,"2,016",6,20,27.0,0.0,Summer,No,No
2016-06-21,"2,016",6,21,20.0,0.0,Summer,No,No
2016-06-22,"2,016",6,22,21.0,0.0,Summer,No,No
2016-06-23,"2,016",6,23,18.0,0.0,Summer,No,No
2016-06-24,"2,016",6,24,21.0,0.0,Summer,No,No
2016-06-25,"2,016",6,25,23.0,0.0,Summer,No,No
2016-06-26,"2,016",6,26,26.0,6.0,Summer,Yes,No
2016-06-27,"2,016",6,27,27.0,0.0,Summer,No,No
2016-06-28,"2,016",6,28,19.0,0.0,Summer,No,No
2016-06-29,"2,016",6,29,20.0,0.0,Summer,No,No
2016-06-30,"2,016",6,30,20.0,0.0,Summer,No,No
2016-07-01,"2,016",7,1,18.0,6.0,Summer,Yes,No
2016-07-02,"2,016",7,2,19.0,0.0,Summer,No,No
2016-07-03,"2,016",7,3,21.0,0.0,Summer,No,No
2016-07-04,"2,016",7,4,22.0,0.0,Summer,No,No
2016-07-05,"2,016",7,5,26.0,0.0,Summer,No,No
2016-07-06,"2,016",7,6,26.0,0.0,Summer,No,No
2016-07-07,"2,016",7,7,27.0,1.0,Summer,Yes,No
2016-07-08,"2,016",7,8,25.0,1.0,Summer,Yes,No
2016-07-09,"2,016",7,9,23.0,6.0,Summer,Yes,No
2016-07-10,"2,016",7,10,23.0,0.0,Summer,No,No
2016-07-11,"2,016",7,11,22.0,0.0,Summer,No,No
2016-07-12,"2,016",7,12,26.0,0.0,Summer,No,No
2016-07-13,"2,016",7,13,29.0,5.0,Summer,Yes,No
2016-07-14,"2,016",7,14,26.0,7.0,Summer,Yes,No
2016-07-15,"2,016",7,15,22.0,1.0,Summer,Yes,No
2016-07-16,"2,016",7,16,19.0,0.0,Summer,No,No
2016-07-17,"2,016",7,17,20.0,0.0,Summer,No,No
2016-07-18,"2,016",7,18,24.0,0.0,Summer,No,No
2016-07-19,"2,016",7,19,20.0,0.0,Summer,No,No
2016-07-20,"2,016",7,20,21.0,0.0,Summer,No,No
2016-07-21,"2,016",7,21,26.0,0.0,Summer,No,No
2016-07-22,"2,016",7,22,29.0,0.0,Summer,No,No
2016-07-23,"2,016",7,23,28.0,0.0,Summer,No,No
2016-07-24,"2,016",7,24,24.0,0.0,Summer,No,No
2016-07-25,"2,016",7,25,27.0,9.0,Summer,Yes,No
2016-07-26,"2,016",7,26,24.0,0.0,Summer,No,No
2016-07-27,"2,016",7,27,26.0,0.0,Summer,No,No
2016-07-28,"2,016",7,28,25.0,1.0,Summer,Yes,No
2016-07-29,"2,016",7,29,24.0,4.0,Summer,Yes,No
2016-07-30,"2,016",7,30,23.0,0.0,Summer,No,No
2016-07-31,"2,016",7,31,23.0,0.0,Summer,No,No
2016-08-01,"2,016",8,1,24.0,7.0,Summer,Yes,No
2016-08-02,"2,016",8,2,24.0,0.0,Summer,No,No
2016-08-03,"2,016",8,3,24.0,0.0,Summer,No,No
2016-08-04,"2,016",8,4,26.0,0.0,Summer,No,No
2016-08-05,"2,016",8,5,28.0,0.0,Summer,No,No
2016-08-06,"2,016",8,6,24.0,0.0,Summer,No,No
2016-08-07,"2,016",8,7,23.0,0.0,Summer,No,No
2016-08-08,"2,016",8,8,22.0,0.0,Summer,No,No
2016-08-09,"2,016",8,9,25.0,0.0,Summer,No,No
2016-08-10,"2,016",8,10,29.0,0.0,Summer,No,No
2016-08-11,"2,016",8,11,28.0,0.0,Summer,No,No
2016-08-12,"2,016",8,12,31.0,0.0,Summer,No,No
2016-08-13,"2,016",8,13,26.0,28.0,Summer,Yes,No
2016-08-14,"2,016",8,14,24.0,0.0,Summer,No,No
2016-08-15,"2,016",8,15,22.0,0.0,Summer,No,No
2016-08-16,"2,016",8,16,24.0,12.0,Summer,Yes,No
2016-08-17,"2,016",8,17,22.0,0.0,Summer,No,No
2016-08-18,"2,016",8,18,24.0,0.0,Summer,No,No
2016-08-19,"2,016",8,19,24.0,0.0,Summer,No,No
2016-08-20,"2,016",8,20,26.0,3.0,Summer,Yes,No
2016-08-21,"2,016",8,21,22.0,1.0,Summer,Yes,No
2016-08-22,"2,016",8,22,19.0,0.0,Summer,No,No
2016-08-23,"2,016",8,23,22.0,0.0,Summer,No,No
2016-08-24,"2,016",8,24,24.0,1.0,Summer,Yes,No
2016-08-25,"2,016",8,25,26.0,15.0,Summer,Yes,No
2016-08-26,"2,016",8,26,24.0,0.0,Summer,No,No
2016-08-27,"2,016",8,27,22.0,0.0,Summer,No,No
2016-08-28,"2,016",8,28,25.0,0.0,Summer,No,No
2016-08-29,"2,016",8,29,23.0,0.0,Summer,No,No
2016-08-30,"2,016",8,30,24.0,0.0,Summer,No,No
2016-08-31,"2,016",8,31,23.0,0.0,Summer,No,No
2016-09-01,"2,016",9,1,19.0,0.0,Fall,No,No
2016-09-02,"2,016",9,2,19.0,0.0,Fall,No,No
2016-09-03,"2,016",9,3,18.0,0.0,Fall,No,No
2016-09-04,"2,016",9,4,19.0,0.0,Fall,No,No
2016-09-05,"2,016",9,5,22.0,0.0,Fall,No,No
2016-09-06,"2,016",9,6,25.0,0.0,Fall,No,No
2016-09-07,"2,016",9,7,29.0,33.0,Fall,Yes,No
2016-09-08,"2,016",9,8,26.0,3.0,Fall,Yes,No
2016-09-09,"2,016",9,9,24.0,0.0,Fall,No,No
2016-09-10,"2,016",9,10,24.0,2.0,Fall,Yes,No
2016-09-11,"2,016",9,11,19.0,0.0,Fall,No,No
2016-09-12,"2,016",9,12,18.0,0.0,Fall,No,No
2016-09-13,"2,016",9,13,21.0,0.0,Fall,No,No
2016-09-14,"2,016",9,14,17.0,0.0,Fall,No,No
2016-09-15,"2,016",9,15,15.0,0.0,Fall,No,No
2016-09-16,"2,016",9,16,17.0,0.0,Fall,No,No
2016-09-17,"2,016",9,17,21.0,7.0,Fall,Yes,No
2016-09-18,"2,016",9,18,22.0,0.0,Fall,No,No
2016-09-19,"2,016",9,19,21.0,0.0,Fall,No,No
2016-09-20,"2,016",9,20,22.0,0.0,Fall,No,No
2016-09-21,"2,016",9,21,21.0,0.0,Fall,No,No
2016-09-22,"2,016",9,22,22.0,0.0,Fall,No,No
2016-09-23,"2,016",9,23,16.0,1.0,Fall,Yes,No
2016-09-24,"2,016",9,24,14.0,0.0,Fall,No,No
2016-09-25,"2,016",9,25,13.0,0.0,Fall,No,No
2016-09-26,"2,016",9,26,15.0,12.0,Fall,Yes,No
2016-09-27,"2,016",9,27,16.0,0.0,Fall,No,No
2016-09-28,"2,016",9,28,17.0,0.0,Fall,No,No
2016-09-29,"2,016",9,29,15.0,8.0,Fall,Yes,No
2016-09-30,"2,016",9,30,16.0,0.0,Fall,No,No
2016-10-01,"2,016",10,1,14.0,1.0,Fall,Yes,No
2016-10-02,"2,016",10,2,16.0,7.0,Fall,Yes,No
2016-10-03,"2,016",10,3,16.0,0.0,Fall,No,No
2016-10-04,"2,016",10,4,17.0,0.0,Fall,No,No
2016-10-05,"2,016",10,5,17.0,0.0,Fall,No,No
2016-10-06,"2,016",10,6,19.0,0.0,Fall,No,No
2016-10-07,"2,016",10,7,18.0,0.0,Fall,No,No
2016-10-08,"2,016",10,8,13.0,5.0,Fall,Yes,No
2016-10-09,"2,016",10,9,9.0,0.0,Fall,No,No
2016-10-10,"2,016",10,10,8.0,0.0,Fall,No,No
2016-10-11,"2,016",10,11,10.0,0.0,Fall,No,No
2016-10-12,"2,016",10,12,16.0,0.0,Fall,No,No
2016-10-13,"2,016",10,13,12.0,0.0,Fall,No,No
2016-10-14,"2,016",10,14,10.0,0.0,Fall,No,No
2016-10-15,"2,016",10,15,13.0,0.0,Fall,No,No
2016-10-16,"2,016",10,16,19.0,2.0,Fall,Yes,No
2016-10-17,"2,016",10,17,19.0,0.0,Fall,No,No
2016-10-18,"2,016",10,18,19.0,0.0,Fall,No,No
2016-10-19,"2,016",10,19,16.0,0.0,Fall,No,No
2016-10-20,"2,016",10,20,13.0,9.0,Fall,Yes,No
2016-10-21,"2,016",10,21,8.0,6.0,Fall,Yes,No
2016-10-22,"2,016",10,22,6.0,0.0,Fall,No,No
2016-10-23,"2,016",10,23,9.0,0.0,Fall,No,No
2016-10-24,"2,016",10,24,8.0,0.0,Fall,No,No
2016-10-25,"2,016",10,25,6.0,0.0,Fall,No,No
2016-10-26,"2,016",10,26,3.0,1.0,Fall,Yes,No
2016-10-27,"2,016",10,27,3.0,8.0,Fall,Yes,No
2016-10-28,"2,016",10,28,5.0,0.0,Fall,No,No
2016-10-29,"2,016",10,29,15.0,0.0,Fall,No,No
2016-10-30,"2,016",10,30,6.0,1.0,Fall,Yes,No
2016-10-31,"2,016",10,31,5.0,0.0,Fall,No,No
2016-11-01,"2,016",11,1,12.0,0.0,Fall,No,No
2016-11-02,"2,016",11,2,15.0,5.0,Fall,Yes,No
2016-11-03,"2,016",11,3,10.0,22.0,Fall,Yes,No
2016-11-04,"2,016",11,4,8.0,0.0,Fall,No,No
2016-11-05,"2,016",11,5,12.0,0.0,Fall,No,No
2016-11-06,"2,016",11,6,9.0,0.0,Fall,No,No
2016-11-07,"2,016",11,7,8.0,0.0,Fall,No,No
2016-11-08,"2,016",11,8,11.0,2.0,Fall,Yes,No
2016-11-09,"2,016",11,9,6.0,0.0,Fall,No,No
2016-11-10,"2,016",11,10,9.0,0.0,Fall,No,No
2016-11-11,"2,016",11,11,6.0,0.0,Fall,No,No
2016-11-12,"2,016",11,12,4.0,0.0,Fall,No,No
2016-11-13,"2,016",11,13,7.0,0.0,Fall,No,No
2016-11-14,"2,016",11,14,9.0,0.0,Fall,No,No
2016-11-15,"2,016",11,15,7.0,0.0,Fall,No,No
2016-11-16,"2,016",11,16,8.0,0.0,Fall,No,No
2016-11-17,"2,016",11,17,7.0,0.0,Fall,No,No
2016-11-18,"2,016",11,18,11.0,0.0,Fall,No,No
2016-11-19,"2,016",11,19,7.0,5.0,Fall,Yes,No
2016-11-20,"2,016",11,20,0.0,1.0,Fall,No,Yes
2016-11-21,"2,016",11,21,-1.0,0.0,Fall,No,No
2016-11-22,"2,016",11,22,-1.0,0.0,Fall,No,No
2016-11-23,"2,016",11,23,-1.0,2.0,Fall,Yes,No
2016-11-24,"2,016",11,24,3.0,4.0,Fall,Yes,No
2016-11-25,"2,016",11,25,5.0,1.0,Fall,Yes,No
2016-11-26,"2,016",11,26,4.0,2.0,Fall,Yes,No
2016-11-27,"2,016",11,27,4.0,0.0,Fall,No,No
2016-11-28,"2,016",11,28,5.0,2.0,Fall,Yes,No
2016-11-29,"2,016",11,29,10.0,2.0,Fall,Yes,No
2016-11-30,"2,016",11,30,9.0,7.0,Fall,Yes,No
2016-12-01,"2,016",12,1,6.0,0.0,Winter,No,No
2016-12-02,"2,016",12,2,4.0,0.0,Winter,No,No
2016-12-03,"2,016",12,3,3.0,0.0,Winter,No,No
2016-12-04,"2,016",12,4,2.0,1.0,Winter,No,Yes
2016-12-05,"2,016",12,5,3.0,3.0,Winter,No,Yes
2016-12-06,"2,016",12,6,2.0,5.0,Winter,Yes,No
2016-12-07,"2,016",12,7,1.0,0.0,Winter,No,No
2016-12-08,"2,016",12,8,-2.0,1.0,Winter,No,Yes
2016-12-09,"2,016",12,9,-4.0,0.0,Winter,No,No
2016-12-10,"2,016",12,10,-4.0,0.0,Winter,No,No
2016-12-11,"2,016",12,11,-4.0,15.0,Winter,No,Yes
2016-12-12,"2,016",12,12,0.0,3.0,Winter,No,Yes
2016-12-13,"2,016",12,13,-4.0,0.0,Winter,No,No
2016-12-14,"2,016",12,14,-8.0,0.0,Winter,No,No
2016-12-15,"2,016",12,15,-10.0,4.0,Winter,No,Yes
2016-12-16,"2,016",12,16,-9.0,3.0,Winter,No,Yes
2016-12-17,"2,016",12,17,-3.0,7.0,Winter,Yes,Yes
2016-12-18,"2,016",12,18,-8.0,1.0,Winter,Yes,No
2016-12-19,"2,016",12,19,-10.0,0.0,Winter,No,No
2016-12-20,"2,016",12,20,-5.0,0.0,Winter,No,No
2016-12-21,"2,016",12,21,-4.0,1.0,Winter,No,Yes
2016-12-22,"2,016",12,22,1.0,0.0,Winter,No,No
2016-12-23,"2,016",12,23,0.0,0.0,Winter,No,No
2016-12-24,"2,016",12,24,2.0,5.0,Winter,Yes,No
2016-12-25,"2,016",12,25,0.0,0.0,Winter,No,No
2016-12-26,"2,016",12,26,3.0,20.0,Winter,Yes,No
2016-12-27,"2,016",12,27,2.0,0.0,Winter,No,No
2016-12-28,"2,016",12,28,-2.0,0.0,Winter,No,No
2016-12-29,"2,016",12,29,0.0,6.0,Winter,No,Yes
2016-12-30,"2,016",12,30,-2.0,0.0,Winter,No,No
2016-12-31,"2,016",12,31,0.0,2.0,Winter,Yes,Yes
2017-01-01,"2,017",1,1,0.0,0.0,Winter,No,No
2017-01-02,"2,017",1,2,0.0,0.0,Winter,No,No
2017-01-03,"2,017",1,3,3.0,16.0,Winter,Yes,No
2017-01-04,"2,017",1,4,-3.0,0.0,Winter,No,No
2017-01-05,"2,017",1,5,-9.0,0.0,Winter,No,No
2017-01-06,"2,017",1,6,-10.0,0.0,Winter,No,No
2017-01-07,"2,017",1,7,-11.0,0.0,Winter,No,No
2017-01-08,"2,017",1,8,-11.0,0.0,Winter,No,No
2017-01-09,"2,017",1,9,-6.0,0.0,Winter,No,No
2017-01-10,"2,017",1,10,2.0,19.0,Winter,Yes,Yes
2017-01-11,"2,017",1,11,4.0,6.0,Winter,Yes,No
2017-01-12,"2,017",1,12,3.0,10.0,Winter,Yes,No
2017-01-13,"2,017",1,13,-5.0,0.0,Winter,No,No
2017-01-14,"2,017",1,14,-6.0,0.0,Winter,No,No
2017-01-15,"2,017",1,15,-4.0,0.0,Winter,No,No
2017-01-16,"2,017",1,16,-2.0,0.0,Winter,No,No
2017-01-17,"2,017",1,17,1.0,12.0,Winter,Yes,No
2017-01-18,"2,017",1,18,2.0,0.0,Winter,No,No
2017-01-19,"2,017",1,19,2.0,0.0,Winter,No,No
2017-01-20,"2,017",1,20,2.0,0.0,Winter,No,No
2017-01-21,"2,017",1,21,4.0,0.0,Winter,No,No
2017-01-22,"2,017",1,22,4.0,0.0,Winter,No,No
2017-01-23,"2,017",1,23,2.0,0.0,Winter,No,No
2017-01-24,"2,017",1,24,0.0,0.0,Winter,No,No
2017-01-25,"2,017",1,25,2.0,1.0,Winter,Yes,No
2017-01-26,"2,017",1,26,2.0,2.0,Winter,Yes,No
2017-01-27,"2,017",1,27,0.0,0.0,Winter,No,No
2017-01-28,"2,017",1,28,-2.0,0.0,Winter,No,Yes
2017-01-29,"2,017",1,29,-5.0,0.0,Winter,No,No
2017-01-30,"2,017",1,30,-8.0,0.0,Winter,No,No
2017-01-31,"2,017",1,31,-4.0,2.0,Winter,No,Yes
2017-02-01,"2,017",2,1,-1.0,0.0,Winter,No,No
2017-02-02,"2,017",2,2,-5.0,0.0,Winter,No,No
2017-02-03,"2,017",2,3,-7.0,0.0,Winter,No,No
2017-02-04,"2,017",2,4,-6.0,0.0,Winter,No,No
2017-02-05,"2,017",2,5,-2.0,1.0,Winter,No,Yes
2017-02-06,"2,017",2,6,-2.0,0.0,Winter,No,No
2017-02-07,"2,017",2,7,1.0,15.0,Winter,Yes,No
2017-02-08,"2,017",2,8,-2.0,0.0,Winter,No,No
2017-02-09,"2,017",2,9,-8.0,0.0,Winter,No,No
2017-02-10,"2,017",2,10,-5.0,4.0,Winter,No,Yes
2017-02-11,"2,017",2,11,0.0,0.0,Winter,No,No
2017-02-12,"2,017",2,12,-2.0,14.0,Winter,No,Yes
2017-02-13,"2,017",2,13,-4.0,0.0,Winter,No,No
2017-02-14,"2,017",2,14,-2.0,0.0,Winter,No,No
2017-02-15,"2,017",2,15,-2.0,0.0,Winter,No,No
2017-02-16,"2,017",2,16,-7.0,0.0,Winter,No,No
2017-02-17,"2,017",2,17,-3.0,0.0,Winter,No,No
2017-02-18,"2,017",2,18,4.0,0.0,Winter,No,No
2017-02-19,"2,017",2,19,7.0,0.0,Winter,No,No
2017-02-20,"2,017",2,20,2.0,0.0,Winter,No,No
2017-02-21,"2,017",2,21,3.0,1.0,Winter,Yes,No
2017-02-22,"2,017",2,22,6.0,0.0,Winter,No,No
2017-02-23,"2,017",2,23,11.0,0.0,Winter,No,No
2017-02-24,"2,017",2,24,4.0,7.0,Winter,Yes,No
2017-02-25,"2,017",2,25,3.0,12.0,Winter,Yes,No
2017-02-26,"2,017",2,26,-1.0,0.0,Winter,No,No
2017-02-27,"2,017",2,27,5.0,0.0,Winter,No,No
2017-02-28,"2,017",2,28,5.0,3.0,Winter,Yes,No
2017-03-01,"2,017",3,1,5.0,20.0,Spring,Yes,No
2017-03-02,"2,017",3,2,-5.0,0.0,Spring,No,No
2017-03-03,"2,017",3,3,-8.0,0.0,Spring,No,No
2017-03-04,"2,017",3,4,-10.0,0.0,Spring,No,No
2017-03-05,"2,017",3,5,-7.0,0.0,Spring,No,No
2017-03-06,"2,017",3,6,2.0,0.0,Spring,No,No
2017-03-07,"2,017",3,7,9.0,,Spring,No,No
2017-03-08,"2,017",3,8,5.0,0.0,Spring,No,No
2017-03-09,"2,017",3,9,0.0,0.0,Spring,No,No
2017-03-10,"2,017",3,10,-6.0,0.0,Spring,No,No
2017-03-11,"2,017",3,11,-10.0,0.0,Spring,No,No
2017-03-12,"2,017",3,12,-9.0,0.0,Spring,No,No
2017-03-13,"2,017",3,13,-9.0,2.0,Spring,No,Yes
2017-03-14,"2,017",3,14,-10.0,1.0,Spring,No,Yes
2017-03-15,"2,017",3,15,-6.0,1.0,Spring,No,Yes
2017-03-16,"2,017",3,16,-3.0,0.0,Spring,No,No
2017-03-17,"2,017",3,17,-1.0,0.0,Spring,No,No
2017-03-18,"2,017",3,18,1.0,1.0,Spring,No,No
2017-03-19,"2,017",3,19,3.0,0.0,Spring,No,No
2017-03-20,"2,017",3,20,3.0,0.0,Spring,No,No
2017-03-21,"2,017",3,21,4.0,0.0,Spring,No,No
2017-03-22,"2,017",3,22,-5.0,0.0,Spring,No,No
2017-03-23,"2,017",3,23,-3.0,0.0,Spring,No,No
2017-03-24,"2,017",3,24,8.0,8.0,Spring,Yes,No
2017-03-25,"2,017",3,25,3.0,8.0,Spring,Yes,No
2017-03-26,"2,017",3,26,3.0,3.0,Spring,Yes,No
2017-03-27,"2,017",3,27,11.0,2.0,Spring,Yes,No
2017-03-28,"2,017",3,28,6.0,0.0,Spring,No,No
2017-03-29,"2,017",3,29,6.0,0.0,Spring,No,No
2017-03-30,"2,017",3,30,2.0,12.0,Spring,Yes,Yes
2017-03-31,"2,017",3,31,3.0,10.0,Spring,Yes,No
2017-04-01,"2,017",4,1,6.0,0.0,Spring,No,No
2017-04-02,"2,017",4,2,9.0,0.0,Spring,No,No
2017-04-03,"2,017",4,3,9.0,6.0,Spring,Yes,No
2017-04-04,"2,017",4,4,8.0,12.0,Spring,Yes,No
2017-04-05,"2,017",4,5,7.0,0.0,Spring,No,No
2017-04-06,"2,017",4,6,4.0,28.0,Spring,Yes,No
2017-04-07,"2,017",4,7,2.0,2.0,Spring,No,Yes
2017-04-08,"2,017",4,8,7.0,0.0,Spring,No,No
2017-04-09,"2,017",4,9,12.0,0.0,Spring,No,No
2017-04-10,"2,017",4,10,17.0,4.0,Spring,Yes,No
2017-04-11,"2,017",4,11,14.0,2.0,Spring,Yes,No
2017-04-12,"2,017",4,12,5.0,0.0,Spring,No,No
2017-04-13,"2,017",4,13,8.0,0.0,Spring,No,No
2017-04-14,"2,017",4,14,9.0,0.0,Spring,No,No
2017-04-15,"2,017",4,15,12.0,6.0,Spring,Yes,No
2017-04-16,"2,017",4,16,16.0,3.0,Spring,Yes,No
2017-04-17,"2,017",4,17,7.0,0.0,Spring,No,No
2017-04-18,"2,017",4,18,5.0,0.0,Spring,No,No
2017-04-19,"2,017",4,19,14.0,1.0,Spring,Yes,No
2017-04-20,"2,017",4,20,7.0,25.0,Spring,Yes,No
2017-04-21,"2,017",4,21,9.0,0.0,Spring,No,No
2017-04-22,"2,017",4,22,9.0,0.0,Spring,No,No
2017-04-23,"2,017",4,23,11.0,0.0,Spring,No,No
2017-04-24,"2,017",4,24,9.0,0.0,Spring,No,No
2017-04-25,"2,017",4,25,8.0,4.0,Spring,Yes,No
2017-04-26,"2,017",4,26,12.0,0.0,Spring,No,No
2017-04-27,"2,017",4,27,17.0,5.0,Spring,Yes,No
2017-04-28,"2,017",4,28,14.0,0.0,Spring,No,No
2017-04-29,"2,017",4,29,10.0,0.0,Spring,No,No
2017-04-30,"2,017",4,30,6.0,14.0,Spring,Yes,No
2017-05-01,"2,017",5,1,10.0,19.0,Spring,Yes,No
2017-05-02,"2,017",5,2,9.0,1.0,Spring,Yes,No
2017-05-03,"2,017",5,3,10.0,0.0,Spring,No,No
2017-05-04,"2,017",5,4,8.0,20.0,Spring,Yes,No
2017-05-05,"2,017",5,5,8.0,22.0,Spring,Yes,No
2017-05-06,"2,017",5,6,6.0,1.0,Spring,Yes,No
2017-05-07,"2,017",5,7,7.0,0.0,Spring,No,No
2017-05-08,"2,017",5,8,7.0,0.0,Spring,No,No
2017-05-09,"2,017",5,9,7.0,0.0,Spring,No,No
2017-05-10,"2,017",5,10,8.0,0.0,Spring,No,No
2017-05-11,"2,017",5,11,10.0,0.0,Spring,No,No
2017-05-12,"2,017",5,12,10.0,0.0,Spring,No,No
2017-05-13,"2,017",5,13,12.0,1.0,Spring,Yes,No
2017-05-14,"2,017",5,14,12.0,1.0,Spring,Yes,No
2017-05-15,"2,017",5,15,13.0,0.0,Spring,No,No
2017-05-16,"2,017",5,16,12.0,1.0,Spring,Yes,No
2017-05-17,"2,017",5,17,20.0,0.0,Spring,No,No
2017-05-18,"2,017",5,18,23.0,2.0,Spring,Yes,No
2017-05-19,"2,017",5,19,13.0,0.0,Spring,No,No
2017-05-20,"2,017",5,20,12.0,0.0,Spring,No,No
2017-05-21,"2,017",5,21,12.0,12.0,Spring,Yes,No
2017-05-22,"2,017",5,22,14.0,0.0,Spring,No,No
2017-05-23,"2,017",5,23,16.0,0.0,Spring,No,No
2017-05-24,"2,017",5,24,18.0,1.0,Spring,Yes,No
2017-05-25,"2,017",5,25,13.0,45.0,Spring,Yes,No
2017-05-26,"2,017",5,26,15.0,4.0,Spring,Yes,No
2017-05-27,"2,017",5,27,16.0,0.0,Spring,No,No
2017-05-28,"2,017",5,28,16.0,0.0,Spring,No,No
2017-05-29,"2,017",5,29,20.0,1.0,Spring,Yes,No
2017-05-30,"2,017",5,30,18.0,10.0,Spring,Yes,No
2017-05-31,"2,017",5,31,17.0,0.0,Spring,No,No
2017-06-01,"2,017",6,1,14.0,0.0,Summer,No,No
2017-06-02,"2,017",6,2,15.0,0.0,Summer,No,No
2017-06-03,"2,017",6,3,16.0,0.0,Summer,No,No
2017-06-04,"2,017",6,4,16.0,6.0,Summer,Yes,No
2017-06-05,"2,017",6,5,15.0,0.0,Summer,No,No
2017-06-06,"2,017",6,6,14.0,3.0,Summer,Yes,No
2017-06-07,"2,017",6,7,15.0,0.0,Summer,No,No
2017-06-08,"2,017",6,8,17.0,0.0,Summer,No,No
2017-06-09,"2,017",6,9,21.0,0.0,Summer,No,No
2017-06-10,"2,017",6,10,23.0,0.0,Summer,No,No
2017-06-11,"2,017",6,11,27.0,0.0,Summer,No,No
2017-06-12,"2,017",6,12,27.0,0.0,Summer,No,No
2017-06-13,"2,017",6,13,22.0,1.0,Summer,Yes,No
2017-06-14,"2,017",6,14,20.0,0.0,Summer,No,No
2017-06-15,"2,017",6,15,18.0,0.0,Summer,No,No
2017-06-16,"2,017",6,16,24.0,8.0,Summer,Yes,No
2017-06-17,"2,017",6,17,24.0,7.0,Summer,Yes,No
2017-06-18,"2,017",6,18,24.0,2.0,Summer,Yes,No
2017-06-19,"2,017",6,19,22.0,0.0,Summer,No,No
2017-06-20,"2,017",6,20,19.0,4.0,Summer,Yes,No
2017-06-21,"2,017",6,21,18.0,0.0,Summer,No,No
2017-06-22,"2,017",6,22,19.0,4.0,Summer,Yes,No
2017-06-23,"2,017",6,23,21.0,36.0,Summer,Yes,No
2017-06-24,"2,017",6,24,20.0,0.0,Summer,No,No
2017-06-25,"2,017",6,25,18.0,1.0,Summer,Yes,No
2017-06-26,"2,017",6,26,17.0,2.0,Summer,Yes,No
2017-06-27,"2,017",6,27,16.0,4.0,Summer,Yes,No
2017-06-28,"2,017",6,28,18.0,1.0,Summer,Yes,No
2017-06-29,"2,017",6,29,21.0,4.0,Summer,Yes,No
2017-06-30,"2,017",6,30,24.0,13.0,Summer,Yes,No
2017-07-01,"2,017",7,1,21.0,1.0,Summer,Yes,No
2017-07-02,"2,017",7,2,21.0,1.0,Summer,Yes,No
2017-07-03,"2,017",7,3,20.0,0.0,Summer,No,No
2017-07-04,"2,017",7,4,20.0,0.0,Summer,No,No
2017-07-05,"2,017",7,5,21.0,0.0,Summer,No,No
2017-07-06,"2,017",7,6,23.0,0.0,Summer,No,No
2017-07-07,"2,017",7,7,25.0,0.0,Summer,No,No
2017-07-08,"2,017",7,8,20.0,0.0,Summer,No,No
2017-07-09,"2,017",7,9,22.0,0.0,Summer,No,No
2017-07-10,"2,017",7,10,22.0,0.0,Summer,No,No
2017-07-11,"2,017",7,11,23.0,0.0,Summer,No,No
2017-07-12,"2,017",7,12,23.0,1.0,Summer,Yes,No
2017-07-13,"2,017",7,13,19.0,2.0,Summer,Yes,No
2017-07-14,"2,017",7,14,23.0,1.0,Summer,Yes,No
2017-07-15,"2,017",7,15,23.0,0.0,Summer,No,No
2017-07-16,"2,017",7,16,22.0,0.0,Summer,No,No
2017-07-17,"2,017",7,17,23.0,0.0,Summer,No,No
2017-07-18,"2,017",7,18,23.0,0.0,Summer,No,No
2017-07-19,"2,017",7,19,25.0,0.0,Summer,No,No
2017-07-20,"2,017",7,20,20.0,19.0,Summer,Yes,No
2017-07-21,"2,017",7,21,24.0,0.0,Summer,No,No
2017-07-22,"2,017",7,22,22.0,2.0,Summer,Yes,No
2017-07-23,"2,017",7,23,22.0,0.0,Summer,No,No
2017-07-24,"2,017",7,24,19.0,0.0,Summer,No,No
2017-07-25,"2,017",7,25,19.0,0.0,Summer,No,No
2017-07-26,"2,017",7,26,18.0,3.0,Summer,Yes,No
2017-07-27,"2,017",7,27,23.0,5.0,Summer,Yes,No
2017-07-28,"2,017",7,28,19.0,0.0,Summer,No,No
2017-07-29,"2,017",7,29,21.0,0.0,Summer,No,No
2017-07-30,"2,017",7,30,24.0,0.0,Summer,No,No
2017-07-31,"2,017",7,31,24.0,2.0,Summer,Yes,No
2017-08-01,"2,017",8,1,23.0,13.0,Summer,Yes,No
2017-08-02,"2,017",8,2,24.0,0.0,Summer,No,No
2017-08-03,"2,017",8,3,23.0,0.0,Summer,No,No
2017-08-04,"2,017",8,4,21.0,30.0,Summer,Yes,No
2017-08-05,"2,017",8,5,17.0,0.0,Summer,No,No
2017-08-06,"2,017",8,6,19.0,0.0,Summer,No,No
2017-08-07,"2,017",8,7,18.0,0.0,Summer,No,No
2017-08-08,"2,017",8,8,20.0,0.0,Summer,No,No
2017-08-09,"2,017",8,9,23.0,0.0,Summer,No,No
2017-08-10,"2,017",8,10,22.0,0.0,Summer,No,No
2017-08-11,"2,017",8,11,21.0,2.0,Summer,Yes,No
2017-08-12,"2,017",8,12,21.0,0.0,Summer,No,No
2017-08-13,"2,017",8,13,20.0,0.0,Summer,No,No
2017-08-14,"2,017",8,14,21.0,0.0,Summer,No,No
2017-08-15,"2,017",8,15,22.0,1.0,Summer,Yes,No
2017-08-16,"2,017",8,16,20.0,0.0,Summer,No,No
2017-08-17,"2,017",8,17,20.0,15.0,Summer,Yes,No
2017-08-18,"2,017",8,18,23.0,0.0,Summer,No,No
2017-08-19,"2,017",8,19,21.0,0.0,Summer,No,No
2017-08-20,"2,017",8,20,22.0,0.0,Summer,No,No
2017-08-21,"2,017",8,21,24.0,0.0,Summer,No,No
2017-08-22,"2,017",8,22,20.0,8.0,Summer,Yes,No
2017-08-23,"2,017",8,23,18.0,0.0,Summer,No,No
2017-08-24,"2,017",8,24,16.0,0.0,Summer,No,No
2017-08-25,"2,017",8,25,16.0,0.0,Summer,No,No
2017-08-26,"2,017",8,26,16.0,0.0,Summer,No,No
2017-08-27,"2,017",8,27,17.0,0.0,Summer,No,No
2017-08-28,"2,017",8,28,19.0,0.0,Summer,No,No
2017-08-29,"2,017",8,29,19.0,0.0,Summer,No,No
2017-08-30,"2,017",8,30,19.0,0.0,Summer,No,No
2017-08-31,"2,017",8,31,15.0,4.0,Summer,Yes,No
2017-09-01,"2,017",9,1,13.0,0.0,Fall,No,No
2017-09-02,"2,017",9,2,14.0,0.0,Fall,No,No
2017-09-03,"2,017",9,3,18.0,9.0,Fall,Yes,No
2017-09-04,"2,017",9,4,20.0,9.0,Fall,Yes,No
2017-09-05,"2,017",9,5,17.0,5.0,Fall,Yes,No
2017-09-06,"2,017",9,6,16.0,0.0,Fall,No,No
2017-09-07,"2,017",9,7,15.0,4.0,Fall,Yes,No
2017-09-08,"2,017",9,8,14.0,0.0,Fall,No,No
2017-09-09,"2,017",9,9,13.0,0.0,Fall,No,No
2017-09-10,"2,017",9,10,14.0,0.0,Fall,No,No
2017-09-11,"2,017",9,11,16.0,0.0,Fall,No,No
2017-09-12,"2,017",9,12,17.0,0.0,Fall,No,No
2017-09-13,"2,017",9,13,18.0,0.0,Fall,No,No
2017-09-14,"2,017",9,14,22.0,0.0,Fall,No,No
2017-09-15,"2,017",9,15,22.0,0.0,Fall,No,No
2017-09-16,"2,017",9,16,21.0,0.0,Fall,No,No
2017-09-17,"2,017",9,17,21.0,0.0,Fall,No,No
2017-09-18,"2,017",9,18,22.0,0.0,Fall,No,No
2017-09-19,"2,017",9,19,23.0,0.0,Fall,No,No
2017-09-20,"2,017",9,20,22.0,0.0,Fall,No,No
2017-09-21,"2,017",9,21,22.0,0.0,Fall,No,No
2017-09-22,"2,017",9,22,22.0,0.0,Fall,No,No
2017-09-23,"2,017",9,23,25.0,0.0,Fall,No,No
2017-09-24,"2,017",9,24,27.0,0.0,Fall,No,No
2017-09-25,"2,017",9,25,26.0,0.0,Fall,No,No
2017-09-26,"2,017",9,26,26.0,0.0,Fall,No,No
2017-09-27,"2,017",9,27,22.0,0.0,Fall,No,No
2017-09-28,"2,017",9,28,14.0,0.0,Fall,No,No
2017-09-29,"2,017",9,29,13.0,4.0,Fall,Yes,No
2017-09-30,"2,017",9,30,11.0,0.0,Fall,No,No
2017-10-01,"2,017",10,1,11.0,0.0,Fall,No,No
2017-10-02,"2,017",10,2,14.0,0.0,Fall,No,No
2017-10-03,"2,017",10,3,16.0,0.0,Fall,No,No
2017-10-04,"2,017",10,4,19.0,4.0,Fall,Yes,No
2017-10-05,"2,017",10,5,16.0,0.0,Fall,No,No
2017-10-06,"2,017",10,6,17.0,1.0,Fall,Yes,No
2017-10-07,"2,017",10,7,22.0,5.0,Fall,Yes,No
2017-10-08,"2,017",10,8,21.0,1.0,Fall,Yes,No
2017-10-09,"2,017",10,9,18.0,12.0,Fall,Yes,No
2017-10-10,"2,017",10,10,17.0,0.0,Fall,No,No
2017-10-11,"2,017",10,11,11.0,3.0,Fall,Yes,No
2017-10-12,"2,017",10,12,12.0,0.0,Fall,No,No
2017-10-13,"2,017",10,13,16.0,0.0,Fall,No,No
2017-10-14,"2,017",10,14,16.0,9.0,Fall,Yes,No
2017-10-15,"2,017",10,15,16.0,8.0,Fall,Yes,No
2017-10-16,"2,017",10,16,7.0,0.0,Fall,No,No
2017-10-17,"2,017",10,17,11.0,0.0,Fall,No,No
2017-10-18,"2,017",10,18,16.0,0.0,Fall,No,No
2017-10-19,"2,017",10,19,14.0,0.0,Fall,No,No
2017-10-20,"2,017",10,20,15.0,0.0,Fall,No,No
2017-10-21,"2,017",10,21,15.0,0.0,Fall,No,No
2017-10-22,"2,017",10,22,16.0,0.0,Fall,No,No
2017-10-23,"2,017",10,23,17.0,9.0,Fall,Yes,No
2017-10-24,"2,017",10,24,13.0,1.0,Fall,Yes,No
2017-10-25,"2,017",10,25,7.0,0.0,Fall,No,No
2017-10-26,"2,017",10,26,7.0,0.0,Fall,No,No
2017-10-27,"2,017",10,27,9.0,0.0,Fall,No,No
2017-10-28,"2,017",10,28,7.0,5.0,Fall,Yes,No
2017-10-29,"2,017",10,29,6.0,0.0,Fall,No,No
2017-10-30,"2,017",10,30,7.0,0.0,Fall,No,No
2017-10-31,"2,017",10,31,6.0,0.0,Fall,No,No
2017-11-01,"2,017",11,1,6.0,2.0,Fall,Yes,No
2017-11-02,"2,017",11,2,11.0,11.0,Fall,Yes,No
2017-11-03,"2,017",11,3,7.0,2.0,Fall,Yes,No
2017-11-04,"2,017",11,4,4.0,2.0,Fall,Yes,No
2017-11-05,"2,017",11,5,11.0,15.0,Fall,Yes,No
2017-11-06,"2,017",11,6,8.0,0.0,Fall,No,No
2017-11-07,"2,017",11,7,4.0,0.0,Fall,No,No
2017-11-08,"2,017",11,8,,0.0,Fall,No,No
2017-11-09,"2,017",11,9,2.0,1.0,Fall,Yes,No
2017-11-10,"2,017",11,10,-7.0,0.0,Fall,No,No
2017-11-11,"2,017",11,11,-4.0,0.0,Fall,No,No
2017-11-12,"2,017",11,12,3.0,1.0,Fall,Yes,No
2017-11-13,"2,017",11,13,3.0,1.0,Fall,Yes,No
2017-11-14,"2,017",11,14,5.0,0.0,Fall,No,No
2017-11-15,"2,017",11,15,5.0,2.0,Fall,Yes,No
2017-11-16,"2,017",11,16,4.0,1.0,Fall,Yes,No
2017-11-17,"2,017",11,17,0.0,0.0,Fall,No,No
2017-11-18,"2,017",11,18,5.0,19.0,Fall,Yes,No
2017-11-19,"2,017",11,19,1.0,2.0,Fall,Yes,Yes
2017-11-20,"2,017",11,20,3.0,0.0,Fall,No,No
2017-11-21,"2,017",11,21,7.0,0.0,Fall,No,No
2017-11-22,"2,017",11,22,0.0,0.0,Fall,No,No
2017-11-23,"2,017",11,23,1.0,0.0,Fall,No,No
2017-11-24,"2,017",11,24,6.0,0.0,Fall,No,No
2017-11-25,"2,017",11,25,6.0,1.0,Fall,Yes,No
2017-11-26,"2,017",11,26,2.0,0.0,Fall,No,No
2017-11-27,"2,017",11,27,2.0,0.0,Fall,No,No
2017-11-28,"2,017",11,28,9.0,0.0,Fall,No,No
2017-11-29,"2,017",11,29,5.0,0.0,Fall,No,No
2017-11-30,"2,017",11,30,2.0,2.0,Fall,Yes,No
2017-12-01,"2,017",12,1,5.0,0.0,Winter,No,No
2017-12-02,"2,017",12,2,3.0,0.0,Winter,No,No
2017-12-03,"2,017",12,3,3.0,0.0,Winter,No,No
2017-12-04,"2,017",12,4,3.0,4.0,Winter,Yes,No
2017-12-05,"2,017",12,5,5.0,4.0,Winter,Yes,No
2017-12-06,"2,017",12,6,1.0,0.0,Winter,No,No
2017-12-07,"2,017",12,7,-2.0,0.0,Winter,No,No
2017-12-08,"2,017",12,8,-1.0,0.0,Winter,No,No
2017-12-09,"2,017",12,9,-2.0,0.0,Winter,No,No
2017-12-10,"2,017",12,10,-3.0,0.0,Winter,No,No
2017-12-11,"2,017",12,11,-5.0,3.0,Winter,No,Yes
2017-12-12,"2,017",12,12,-7.0,4.0,Winter,No,Yes
2017-12-13,"2,017",12,13,-10.0,1.0,Winter,No,Yes
2017-12-14,"2,017",12,14,-11.0,0.0,Winter,No,No
2017-12-15,"2,017",12,15,-8.0,0.0,Winter,No,No
2017-12-16,"2,017",12,16,-7.0,0.0,Winter,No,No
2017-12-17,"2,017",12,17,-10.0,0.0,Winter,No,No
2017-12-18,"2,017",12,18,-2.0,2.0,Winter,Yes,No
2017-12-19,"2,017",12,19,4.0,0.0,Winter,No,No
2017-12-20,"2,017",12,20,-1.0,0.0,Winter,No,No
2017-12-21,"2,017",12,21,-4.0,3.0,Winter,No,Yes
2017-12-22,"2,017",12,22,-5.0,3.0,Winter,No,Yes
2017-12-23,"2,017",12,23,-2.0,3.0,Winter,No,Yes
2017-12-24,"2,017",12,24,-6.0,8.0,Winter,No,Yes
2017-12-25,"2,017",12,25,-8.0,1.0,Winter,No,Yes
2017-12-26,"2,017",12,26,-14.0,0.0,Winter,No,No
2017-12-27,"2,017",12,27,-16.0,0.0,Winter,No,No
2017-12-28,"2,017",12,28,-18.0,0.0,Winter,No,No
2017-12-29,"2,017",12,29,-12.0,3.0,Winter,No,Yes
2017-12-30,"2,017",12,30,-13.0,0.0,Winter,No,No
2017-12-31,"2,017",12,31,-19.0,0.0,Winter,No,No
2018-01-01,"2,018",1,1,-15.0,0.0,Winter,No,No
2018-01-02,"2,018",1,2,-11.0,1.0,Winter,No,Yes
2018-01-03,"2,018",1,3,-10.0,0.0,Winter,No,No
2018-01-04,"2,018",1,4,-15.0,0.0,Winter,No,No
2018-01-05,"2,018",1,5,-19.0,0.0,Winter,No,No
2018-01-06,"2,018",1,6,-20.0,0.0,Winter,No,No
2018-01-07,"2,018",1,7,-12.0,0.0,Winter,No,No
2018-01-08,"2,018",1,8,0.0,4.0,Winter,Yes,Yes
2018-01-09,"2,018",1,9,-1.0,0.0,Winter,No,No
2018-01-10,"2,018",1,10,1.0,3.0,Winter,Yes,No
2018-01-11,"2,018",1,11,9.0,7.0,Winter,Yes,No
2018-01-12,"2,018",1,12,0.0,14.0,Winter,Yes,Yes
2018-01-13,"2,018",1,13,-14.0,0.0,Winter,No,No
2018-01-14,"2,018",1,14,-12.0,0.0,Winter,No,No
2018-01-15,"2,018",1,15,-8.0,4.0,Winter,No,Yes
2018-01-16,"2,018",1,16,-7.0,1.0,Winter,No,Yes
2018-01-17,"2,018",1,17,-10.0,0.0,Winter,No,No
2018-01-18,"2,018",1,18,-7.0,0.0,Winter,No,No
2018-01-19,"2,018",1,19,-2.0,0.0,Winter,No,No
2018-01-20,"2,018",1,20,3.0,0.0,Winter,No,No
2018-01-21,"2,018",1,21,1.0,1.0,Winter,Yes,No
2018-01-22,"2,018",1,22,2.0,14.0,Winter,Yes,No
2018-01-23,"2,018",1,23,1.0,3.0,Winter,Yes,No
2018-01-24,"2,018",1,24,-8.0,0.0,Winter,No,No
2018-01-25,"2,018",1,25,-7.0,0.0,Winter,No,No
2018-01-26,"2,018",1,26,2.0,0.0,Winter,No,No
2018-01-27,"2,018",1,27,5.0,2.0,Winter,Yes,No
2018-01-28,"2,018",1,28,1.0,0.0,Winter,No,No
2018-01-29,"2,018",1,29,-4.0,5.0,Winter,No,Yes
2018-01-30,"2,018",1,30,-11.0,0.0,Winter,No,No
2018-01-31,"2,018",1,31,-7.0,1.0,Winter,No,Yes
2018-02-01,"2,018",2,1,-3.0,0.0,Winter,No,No
2018-02-02,"2,018",2,2,-13.0,0.0,Winter,No,No
2018-02-03,"2,018",2,3,-7.0,2.0,Winter,No,Yes
2018-02-04,"2,018",2,4,-4.0,5.0,Winter,No,Yes
2018-02-05,"2,018",2,5,-11.0,0.0,Winter,No,No
2018-02-06,"2,018",2,6,-8.0,0.0,Winter,No,No
2018-02-07,"2,018",2,7,-9.0,7.0,Winter,No,Yes
2018-02-08,"2,018",2,8,-10.0,0.0,Winter,No,No
2018-02-09,"2,018",2,9,-8.0,6.0,Winter,No,Yes
2018-02-10,"2,018",2,10,-6.0,6.0,Winter,No,Yes
2018-02-11,"2,018",2,11,-4.0,3.0,Winter,No,Yes
2018-02-12,"2,018",2,12,-8.0,0.0,Winter,No,No
2018-02-13,"2,018",2,13,-8.0,0.0,Winter,No,No
2018-02-14,"2,018",2,14,1.0,0.0,Winter,No,No
2018-02-15,"2,018",2,15,5.0,0.0,Winter,No,No
2018-02-16,"2,018",2,16,-2.0,0.0,Winter,No,No
2018-02-17,"2,018",2,17,-4.0,0.0,Winter,No,No
2018-02-18,"2,018",2,18,0.0,0.0,Winter,No,No
2018-02-19,"2,018",2,19,1.0,13.0,Winter,Yes,No
2018-02-20,"2,018",2,20,10.0,8.0,Winter,Yes,No
2018-02-21,"2,018",2,21,6.0,8.0,Winter,Yes,No
2018-02-22,"2,018",2,22,-1.0,0.0,Winter,No,No
2018-02-23,"2,018",2,23,3.0,3.0,Winter,Yes,No
2018-02-24,"2,018",2,24,3.0,0.0,Winter,No,No
2018-02-25,"2,018",2,25,7.0,5.0,Winter,Yes,No
2018-02-26,"2,018",2,26,3.0,0.0,Winter,No,No
2018-02-27,"2,018",2,27,6.0,0.0,Winter,No,No
2018-02-28,"2,018",2,28,9.0,0.0,Winter,No,No
2018-03-01,"2,018",3,1,2.0,1.0,Spring,No,Yes
2018-03-02,"2,018",3,2,1.0,0.0,Spring,No,No
2018-03-03,"2,018",3,3,0.0,0.0,Spring,No,No
2018-03-04,"2,018",3,4,-1.0,0.0,Spring,No,No
2018-03-05,"2,018",3,5,-1.0,0.0,Spring,No,No
2018-03-06,"2,018",3,6,0.0,0.0,Spring,No,No
2018-03-07,"2,018",3,7,1.0,0.0,Spring,No,No
2018-03-08,"2,018",3,8,-2.0,0.0,Spring,No,No
2018-03-09,"2,018",3,9,0.0,0.0,Spring,No,No
2018-03-10,"2,018",3,10,-1.0,0.0,Spring,No,No
2018-03-11,"2,018",3,11,-1.0,0.0,Spring,No,No
2018-03-12,"2,018",3,12,-2.0,3.0,Spring,No,Yes
2018-03-13,"2,018",3,13,-1.0,0.0,Spring,No,No
2018-03-14,"2,018",3,14,-2.0,0.0,Spring,No,No
2018-03-15,"2,018",3,15,0.0,1.0,Spring,No,Yes
2018-03-16,"2,018",3,16,-4.0,0.0,Spring,No,No
2018-03-17,"2,018",3,17,0.0,0.0,Spring,No,No
2018-03-18,"2,018",3,18,2.0,0.0,Spring,No,No
2018-03-19,"2,018",3,19,-4.0,0.0,Spring,No,No
2018-03-20,"2,018",3,20,-2.0,0.0,Spring,No,No
2018-03-21,"2,018",3,21,0.0,0.0,Spring,No,No
2018-03-22,"2,018",3,22,1.0,0.0,Spring,No,No
2018-03-23,"2,018",3,23,0.0,0.0,Spring,No,No
2018-03-24,"2,018",3,24,-1.0,0.0,Spring,No,No
2018-03-25,"2,018",3,25,-2.0,0.0,Spring,No,No
2018-03-26,"2,018",3,26,3.0,0.0,Spring,No,No
2018-03-27,"2,018",3,27,5.0,4.0,Spring,Yes,No
2018-03-28,"2,018",3,28,5.0,0.0,Spring,No,No
2018-03-29,"2,018",3,29,4.0,17.0,Spring,Yes,No
2018-03-30,"2,018",3,30,2.0,0.0,Spring,No,No
2018-03-31,"2,018",3,31,4.0,5.0,Spring,Yes,No
2018-04-01,"2,018",4,1,0.0,0.0,Spring,No,No
2018-04-02,"2,018",4,2,2.0,0.0,Spring,No,No
2018-04-03,"2,018",4,3,3.0,21.0,Spring,Yes,No
2018-04-04,"2,018",4,4,0.0,5.0,Spring,Yes,No
2018-04-05,"2,018",4,5,-2.0,0.0,Spring,No,No
2018-04-06,"2,018",4,6,1.0,2.0,Spring,No,Yes
2018-04-07,"2,018",4,7,-3.0,0.0,Spring,No,No
2018-04-08,"2,018",4,8,-2.0,0.0,Spring,No,No
2018-04-09,"2,018",4,9,-1.0,0.0,Spring,No,No
2018-04-10,"2,018",4,10,2.0,0.0,Spring,No,No
2018-04-11,"2,018",4,11,3.0,1.0,Spring,Yes,No
2018-04-12,"2,018",4,12,7.0,3.0,Spring,Yes,No
2018-04-13,"2,018",4,13,4.0,7.0,Spring,Yes,No
2018-04-14,"2,018",4,14,0.0,36.0,Spring,Yes,Yes
2018-04-15,"2,018",4,15,-2.0,28.0,Spring,Yes,Yes
2018-04-16,"2,018",4,16,2.0,19.0,Spring,Yes,No
2018-04-17,"2,018",4,17,-1.0,0.0,Spring,No,No
2018-04-18,"2,018",4,18,2.0,0.0,Spring,No,No
2018-04-19,"2,018",4,19,1.0,0.0,Spring,No,No
2018-04-20,"2,018",4,20,3.0,0.0,Spring,No,No
2018-04-21,"2,018",4,21,6.0,0.0,Spring,No,No
2018-04-22,"2,018",4,22,9.0,0.0,Spring,No,No
2018-04-23,"2,018",4,23,10.0,0.0,Spring,No,No
2018-04-24,"2,018",4,24,12.0,4.0,Spring,Yes,No
2018-04-25,"2,018",4,25,8.0,19.0,Spring,Yes,No
2018-04-26,"2,018",4,26,10.0,1.0,Spring,Yes,No
2018-04-27,"2,018",4,27,9.0,3.0,Spring,Yes,No
2018-04-28,"2,018",4,28,5.0,2.0,Spring,Yes,No
2018-04-29,"2,018",4,29,6.0,0.0,Spring,No,No
2018-04-30,"2,018",4,30,11.0,0.0,Spring,No,No
2018-05-01,"2,018",5,1,18.0,0.0,Spring,No,No
2018-05-02,"2,018",5,2,23.0,0.0,Spring,No,No
2018-05-03,"2,018",5,3,16.0,7.0,Spring,Yes,No
2018-05-04,"2,018",5,4,17.0,8.0,Spring,Yes,No
2018-05-05,"2,018",5,5,16.0,2.0,Spring,Yes,No
2018-05-06,"2,018",5,6,15.0,1.0,Spring,Yes,No
2018-05-07,"2,018",5,7,13.0,0.0,Spring,No,No
2018-05-08,"2,018",5,8,13.0,0.0,Spring,No,No
2018-05-09,"2,018",5,9,16.0,0.0,Spring,No,No
2018-05-10,"2,018",5,10,13.0,2.0,Spring,Yes,No
2018-05-11,"2,018",5,11,8.0,0.0,Spring,No,No
2018-05-12,"2,018",5,12,11.0,0.0,Spring,No,No
2018-05-13,"2,018",5,13,13.0,0.0,Spring,No,No
2018-05-14,"2,018",5,14,17.0,0.0,Spring,No,No
2018-05-15,"2,018",5,15,16.0,19.0,Spring,Yes,No
2018-05-16,"2,018",5,16,14.0,0.0,Spring,No,No
2018-05-17,"2,018",5,17,18.0,0.0,Spring,No,No
2018-05-18,"2,018",5,18,13.0,0.0,Spring,No,No
2018-05-19,"2,018",5,19,13.0,8.0,Spring,Yes,No
2018-05-20,"2,018",5,20,15.0,0.0,Spring,No,No
2018-05-21,"2,018",5,21,14.0,0.0,Spring,No,No
2018-05-22,"2,018",5,22,14.0,9.0,Spring,Yes,No
2018-05-23,"2,018",5,23,18.0,0.0,Spring,No,No
2018-05-24,"2,018",5,24,20.0,0.0,Spring,No,No
2018-05-25,"2,018",5,25,23.0,0.0,Spring,No,No
2018-05-26,"2,018",5,26,22.0,0.0,Spring,No,No
2018-05-27,"2,018",5,27,22.0,0.0,Spring,No,No
2018-05-28,"2,018",5,28,23.0,0.0,Spring,No,No
2018-05-29,"2,018",5,29,23.0,0.0,Spring,No,No
2018-05-30,"2,018",5,30,24.0,0.0,Spring,No,No
2018-05-31,"2,018",5,31,26.0,10.0,Spring,Yes,No
2018-06-01,"2,018",6,1,22.0,0.0,Summer,No,No
2018-06-02,"2,018",6,2,17.0,0.0,Summer,No,No
2018-06-03,"2,018",6,3,18.0,7.0,Summer,Yes,No
2018-06-04,"2,018",6,4,17.0,1.0,Summer,Yes,No
2018-06-05,"2,018",6,5,13.0,0.0,Summer,No,No
2018-06-06,"2,018",6,6,13.0,0.0,Summer,No,No
2018-06-07,"2,018",6,7,17.0,0.0,Summer,No,No
2018-06-08,"2,018",6,8,17.0,0.0,Summer,No,No
2018-06-09,"2,018",6,9,18.0,0.0,Summer,No,No
2018-06-10,"2,018",6,10,18.0,0.0,Summer,No,No
2018-06-11,"2,018",6,11,17.0,0.0,Summer,No,No
2018-06-12,"2,018",6,12,18.0,0.0,Summer,No,No
2018-06-13,"2,018",6,13,23.0,3.0,Summer,Yes,No
2018-06-14,"2,018",6,14,20.0,0.0,Summer,No,No
2018-06-15,"2,018",6,15,19.0,0.0,Summer,No,No
2018-06-16,"2,018",6,16,22.0,0.0,Summer,No,No
2018-06-17,"2,018",6,17,25.0,0.0,Summer,No,No
2018-06-18,"2,018",6,18,25.0,3.0,Summer,Yes,No
2018-06-19,"2,018",6,19,20.0,0.0,Summer,No,No
2018-06-20,"2,018",6,20,20.0,0.0,Summer,No,No
2018-06-21,"2,018",6,21,18.0,0.0,Summer,No,No
2018-06-22,"2,018",6,22,18.0,2.0,Summer,Yes,No
2018-06-23,"2,018",6,23,18.0,5.0,Summer,Yes,No
2018-06-24,"2,018",6,24,18.0,21.0,Summer,Yes,No
2018-06-25,"2,018",6,25,18.0,0.0,Summer,No,No
2018-06-26,"2,018",6,26,17.0,0.0,Summer,No,No
2018-06-27,"2,018",6,27,19.0,8.0,Summer,Yes,No
2018-06-28,"2,018",6,28,25.0,0.0,Summer,No,No
2018-06-29,"2,018",6,29,25.0,0.0,Summer,No,No
2018-06-30,"2,018",6,30,29.0,0.0,Summer,No,No
2018-07-01,"2,018",7,1,29.0,0.0,Summer,No,No
2018-07-02,"2,018",7,2,27.0,0.0,Summer,No,No
2018-07-03,"2,018",7,3,25.0,0.0,Summer,No,No
2018-07-04,"2,018",7,4,26.0,0.0,Summer,No,No
2018-07-05,"2,018",7,5,27.0,24.0,Summer,Yes,No
2018-07-06,"2,018",7,6,20.0,,Summer,No,No
2018-07-07,"2,018",7,7,20.0,0.0,Summer,No,No
2018-07-08,"2,018",7,8,22.0,0.0,Summer,No,No
2018-07-09,"2,018",7,9,24.0,0.0,Summer,No,No
2018-07-10,"2,018",7,10,24.0,0.0,Summer,No,No
2018-07-11,"2,018",7,11,22.0,0.0,Summer,No,No
2018-07-12,"2,018",7,12,23.0,0.0,Summer,No,No
2018-07-13,"2,018",7,13,26.0,0.0,Summer,No,No
2018-07-14,"2,018",7,14,25.0,0.0,Summer,No,No
2018-07-15,"2,018",7,15,26.0,0.0,Summer,No,No
2018-07-16,"2,018",7,16,27.0,8.0,Summer,Yes,No
2018-07-17,"2,018",7,17,23.0,0.0,Summer,No,No
2018-07-18,"2,018",7,18,20.0,0.0,Summer,No,No
2018-07-19,"2,018",7,19,21.0,0.0,Summer,No,No
2018-07-20,"2,018",7,20,24.0,1.0,Summer,Yes,No
2018-07-21,"2,018",7,21,22.0,0.0,Summer,No,No
2018-07-22,"2,018",7,22,20.0,15.0,Summer,Yes,No
2018-07-23,"2,018",7,23,24.0,0.0,Summer,No,No
2018-07-24,"2,018",7,24,26.0,5.0,Summer,Yes,No
2018-07-25,"2,018",7,25,25.0,0.0,Summer,No,No
2018-07-26,"2,018",7,26,23.0,8.0,Summer,Yes,No
2018-07-27,"2,018",7,27,22.0,2.0,Summer,Yes,No
2018-07-28,"2,018",7,28,19.0,0.0,Summer,No,No
2018-07-29,"2,018",7,29,20.0,0.0,Summer,No,No
2018-07-30,"2,018",7,30,22.0,0.0,Summer,No,No
2018-07-31,"2,018",7,31,22.0,0.0,Summer,No,No
2018-08-01,"2,018",8,1,24.0,1.0,Summer,Yes,No
2018-08-02,"2,018",8,2,24.0,0.0,Summer,No,No
2018-08-03,"2,018",8,3,25.0,0.0,Summer,No,No
2018-08-04,"2,018",8,4,26.0,0.0,Summer,No,No
2018-08-05,"2,018",8,5,27.0,0.0,Summer,No,No
2018-08-06,"2,018",8,6,28.0,23.0,Summer,Yes,No
2018-08-07,"2,018",8,7,24.0,6.0,Summer,Yes,No
2018-08-08,"2,018",8,8,22.0,21.0,Summer,Yes,No
2018-08-09,"2,018",8,9,23.0,2.0,Summer,Yes,No
2018-08-10,"2,018",8,10,21.0,0.0,Summer,No,No
2018-08-11,"2,018",8,11,21.0,4.0,Summer,Yes,No
2018-08-12,"2,018",8,12,23.0,0.0,Summer,No,No
2018-08-13,"2,018",8,13,23.0,0.0,Summer,No,No
2018-08-14,"2,018",8,14,26.0,0.0,Summer,No,No
2018-08-15,"2,018",8,15,26.0,0.0,Summer,No,No
2018-08-16,"2,018",8,16,25.0,1.0,Summer,Yes,No
2018-08-17,"2,018",8,17,25.0,15.0,Summer,Yes,No
2018-08-18,"2,018",8,18,22.0,0.0,Summer,No,No
2018-08-19,"2,018",8,19,21.0,0.0,Summer,No,No
2018-08-20,"2,018",8,20,22.0,0.0,Summer,No,No
2018-08-21,"2,018",8,21,23.0,26.0,Summer,Yes,No
2018-08-22,"2,018",8,22,18.0,1.0,Summer,Yes,No
2018-08-23,"2,018",8,23,21.0,0.0,Summer,No,No
2018-08-24,"2,018",8,24,21.0,0.0,Summer,No,No
2018-08-25,"2,018",8,25,23.0,18.0,Summer,Yes,No
2018-08-26,"2,018",8,26,25.0,0.0,Summer,No,No
2018-08-27,"2,018",8,27,24.0,1.0,Summer,Yes,No
2018-08-28,"2,018",8,28,28.0,0.0,Summer,No,No
2018-08-29,"2,018",8,29,23.0,0.0,Summer,No,No
2018-08-30,"2,018",8,30,17.0,0.0,Summer,No,No
2018-08-31,"2,018",8,31,20.0,0.0,Summer,No,No
2018-09-01,"2,018",9,1,21.0,0.0,Fall,No,No
2018-09-02,"2,018",9,2,26.0,0.0,Fall,No,No
2018-09-03,"2,018",9,3,27.0,0.0,Fall,No,No
2018-09-04,"2,018",9,4,24.0,0.0,Fall,No,No
2018-09-05,"2,018",9,5,28.0,0.0,Fall,No,No
2018-09-06,"2,018",9,6,21.0,1.0,Fall,Yes,No
2018-09-07,"2,018",9,7,20.0,0.0,Fall,No,No
2018-09-08,"2,018",9,8,15.0,0.0,Fall,No,No
2018-09-09,"2,018",9,9,,0.0,Fall,No,No
2018-09-10,"2,018",9,10,14.0,26.0,Fall,Yes,No
2018-09-11,"2,018",9,11,18.0,0.0,Fall,No,No
2018-09-12,"2,018",9,12,18.0,0.0,Fall,No,No
2018-09-13,"2,018",9,13,21.0,0.0,Fall,No,No
2018-09-14,"2,018",9,14,24.0,0.0,Fall,No,No
2018-09-15,"2,018",9,15,24.0,0.0,Fall,No,No
2018-09-16,"2,018",9,16,24.0,0.0,Fall,No,No
2018-09-17,"2,018",9,17,24.0,0.0,Fall,No,No
2018-09-18,"2,018",9,18,22.0,0.0,Fall,No,No
2018-09-19,"2,018",9,19,18.0,0.0,Fall,No,No
2018-09-20,"2,018",9,20,17.0,0.0,Fall,No,No
2018-09-21,"2,018",9,21,22.0,0.0,Fall,No,No
2018-09-22,"2,018",9,22,13.0,0.0,Fall,No,No
2018-09-23,"2,018",9,23,13.0,0.0,Fall,No,No
2018-09-24,"2,018",9,24,15.0,2.0,Fall,Yes,No
2018-09-25,"2,018",9,25,19.0,6.0,Fall,Yes,No
2018-09-26,"2,018",9,26,18.0,0.0,Fall,No,No
2018-09-27,"2,018",9,27,13.0,0.0,Fall,No,No
2018-09-28,"2,018",9,28,17.0,3.0,Fall,Yes,No
2018-09-29,"2,018",9,29,12.0,0.0,Fall,No,No
2018-09-30,"2,018",9,30,11.0,10.0,Fall,Yes,No
2018-10-01,"2,018",10,1,10.0,10.0,Fall,Yes,No
2018-10-02,"2,018",10,2,11.0,13.0,Fall,Yes,No
2018-10-03,"2,018",10,3,14.0,0.0,Fall,No,No
2018-10-04,"2,018",10,4,15.0,4.0,Fall,Yes,No
2018-10-05,"2,018",10,5,9.0,0.0,Fall,No,No
2018-10-06,"2,018",10,6,13.0,1.0,Fall,Yes,No
2018-10-07,"2,018",10,7,13.0,5.0,Fall,Yes,No
2018-10-08,"2,018",10,8,13.0,3.0,Fall,Yes,No
2018-10-09,"2,018",10,9,21.0,0.0,Fall,No,No
2018-10-10,"2,018",10,10,23.0,0.0,Fall,No,No
2018-10-11,"2,018",10,11,15.0,0.0,Fall,No,No
2018-10-12,"2,018",10,12,8.0,1.0,Fall,Yes,No
2018-10-13,"2,018",10,13,7.0,1.0,Fall,Yes,No
2018-10-14,"2,018",10,14,9.0,0.0,Fall,No,No
2018-10-15,"2,018",10,15,8.0,1.0,Fall,Yes,No
2018-10-16,"2,018",10,16,7.0,0.0,Fall,No,No
2018-10-17,"2,018",10,17,5.0,0.0,Fall,No,No
2018-10-18,"2,018",10,18,4.0,0.0,Fall,No,No
2018-10-19,"2,018",10,19,11.0,0.0,Fall,No,No
2018-10-20,"2,018",10,20,7.0,0.0,Fall,No,No
2018-10-21,"2,018",10,21,3.0,0.0,Fall,No,No
2018-10-22,"2,018",10,22,7.0,0.0,Fall,No,No
2018-10-23,"2,018",10,23,5.0,1.0,Fall,Yes,No
2018-10-24,"2,018",10,24,4.0,0.0,Fall,No,No
2018-10-25,"2,018",10,25,5.0,0.0,Fall,No,No
2018-10-26,"2,018",10,26,7.0,0.0,Fall,No,No
2018-10-27,"2,018",10,27,4.0,10.0,Fall,Yes,Yes
2018-10-28,"2,018",10,28,4.0,1.0,Fall,Yes,No
2018-10-29,"2,018",10,29,,,Fall,No,No
2018-10-30,"2,018",10,30,5.0,1.0,Fall,Yes,No
2018-10-31,"2,018",10,31,9.0,16.0,Fall,Yes,No
2018-11-01,"2,018",11,1,6.0,30.0,Fall,Yes,No
2018-11-02,"2,018",11,2,4.0,5.0,Fall,Yes,No
2018-11-03,"2,018",11,3,4.0,2.0,Fall,Yes,No
2018-11-04,"2,018",11,4,3.0,0.0,Fall,No,No
2018-11-05,"2,018",11,5,9.0,2.0,Fall,Yes,No
2018-11-06,"2,018",11,6,12.0,7.0,Fall,Yes,No
2018-11-07,"2,018",11,7,7.0,1.0,Fall,Yes,No
2018-11-08,"2,018",11,8,4.0,0.0,Fall,No,No
2018-11-09,"2,018",11,9,3.0,11.0,Fall,Yes,Yes
2018-11-10,"2,018",11,10,0.0,0.0,Fall,No,No
2018-11-11,"2,018",11,11,1.0,0.0,Fall,No,No
2018-11-12,"2,018",11,12,4.0,1.0,Fall,Yes,No
2018-11-13,"2,018",11,13,-1.0,1.0,Fall,Yes,No
2018-11-14,"2,018",11,14,-2.0,0.0,Fall,No,No
